id_vente,date,region,produit_categorie,id_client,montant
1,2024-07-01,Nord,Electronique,153,284.11
2,2024-07-01,Sud,Cosmetique,158,154.66
3,2024-07-01,Ouest,Cosmetique,17,10.0
4,2024-07-01,Ouest,Textile,531,167.79
5,2024-07-01,Centre,Textile,202,507.44
6,2024-07-02,Sud,Cosmetique,7,582.73
7,2024-07-02,Ouest,Mobilier,228,120.73
8,2024-07-02,Centre,Textile,66,548.47
9,2024-07-03,Nord,Mobilier,103,325.12
10,2024-07-03,Sud,Mobilier,26,250.01
11,2024-07-03,Est,Alimentaire,315,334.3
12,2024-07-03,Ouest,Electronique,109,314.03
13,2024-07-03,Centre,Cosmetique,37,811.59
14,2024-07-04,Sud,Electronique,53,710.47
15,2024-07-05,Sud,Cosmetique,463,376.54
16,2024-07-05,Est,Electronique,214,289.24
17,2024-07-05,Centre,Cosmetique,413,784.0
18,2024-07-06,Nord,Electronique,483,324.01
19,2024-07-06,Sud,Alimentaire,75,336.01
20,2024-07-06,Ouest,Mobilier,151,372.51
21,2024-07-06,Centre,Cosmetique,243,215.22
22,2024-07-06,Centre,Mobilier,95,186.52
23,2024-07-07,Nord,Cosmetique,237,675.94
24,2024-07-07,Sud,Cosmetique,428,623.3
25,2024-07-07,Est,Alimentaire,280,224.23
26,2024-07-07,Ouest,Electronique,363,298.18
27,2024-07-07,Centre,Cosmetique,42,331.43
28,2024-07-07,Centre,Electronique,379,200.3
29,2024-07-08,Nord,Alimentaire,237,118.67
30,2024-07-08,Est,Textile,328,253.9
31,2024-07-08,Ouest,Mobilier,92,198.33
32,2024-07-08,Centre,Cosmetique,490,861.09
33,2024-07-09,Ouest,Alimentaire,240,497.88
34,2024-07-09,Centre,Electronique,290,376.89
35,2024-07-10,Est,Cosmetique,403,125.84
36,2024-07-10,Est,Electronique,539,171.71
37,2024-07-10,Ouest,Textile,394,151.37
38,2024-07-10,Ouest,Cosmetique,339,251.74
39,2024-07-11,Sud,Mobilier,221,563.63
40,2024-07-11,Ouest,Cosmetique,6,172.73
41,2024-07-11,Ouest,Mobilier,480,125.47
42,2024-07-11,Ouest,Electronique,155,140.2
43,2024-07-11,Centre,Cosmetique,569,522.04
44,2024-07-13,Nord,Alimentaire,302,296.04
45,2024-07-13,Sud,Alimentaire,348,520.79
46,2024-07-13,Ouest,Textile,308,82.63
47,2024-07-13,Centre,Alimentaire,197,882.72
48,2024-07-14,Nord,Textile,302,409.87
49,2024-07-14,Sud,Electronique,217,227.06
50,2024-07-14,Sud,Mobilier,551,300.55
51,2024-07-14,Est,Electronique,180,163.23
52,2024-07-14,Est,Mobilier,415,245.11
53,2024-07-15,Nord,Mobilier,192,403.17
54,2024-07-15,Sud,Textile,233,151.34
55,2024-07-15,Sud,Alimentaire,375,189.45
56,2024-07-15,Sud,Alimentaire,292,271.81
57,2024-07-15,Est,Textile,463,253.62
58,2024-07-16,Nord,Textile,240,423.5
59,2024-07-16,Centre,Electronique,119,433.4
60,2024-07-17,Nord,Textile,382,111.64
61,2024-07-17,Nord,Alimentaire,508,179.14
62,2024-07-17,Nord,Textile,362,207.62
63,2024-07-18,Nord,Textile,550,162.91
64,2024-07-18,Sud,Mobilier,79,514.65
65,2024-07-18,Est,Textile,224,182.88
66,2024-07-18,Ouest,Electronique,182,370.02
67,2024-07-18,Centre,Textile,415,355.35
68,2024-07-18,Centre,Cosmetique,133,282.43
69,2024-07-19,Nord,Cosmetique,334,507.54
70,2024-07-19,Est,Mobilier,54,283.61
71,2024-07-19,Centre,Mobilier,212,1153.76
72,2024-07-20,Nord,Cosmetique,512,386.61
73,2024-07-20,Sud,Mobilier,379,139.21
74,2024-07-20,Sud,Mobilier,489,155.82
75,2024-07-20,Sud,Alimentaire,357,145.89
76,2024-07-20,Ouest,Alimentaire,320,540.84
77,2024-07-20,Centre,Textile,396,254.11
78,2024-07-20,Centre,Cosmetique,138,274.24
79,2024-07-21,Nord,Electronique,311,399.72
80,2024-07-21,Sud,Cosmetique,12,562.71
81,2024-07-21,Ouest,Cosmetique,229,526.83
82,2024-07-21,Centre,Alimentaire,359,711.52
83,2024-07-22,Sud,Alimentaire,593,471.52
84,2024-07-22,Est,Mobilier,229,375.28
85,2024-07-22,Centre,Electronique,326,645.19
86,2024-07-23,Centre,Alimentaire,530,261.99
87,2024-07-23,Centre,Mobilier,449,260.84
88,2024-07-23,Centre,Electronique,333,125.2
89,2024-07-24,Nord,Alimentaire,475,365.71
90,2024-07-24,Ouest,Cosmetique,6,380.52
91,2024-07-24,Centre,Cosmetique,270,528.58
92,2024-07-24,Centre,Electronique,46,453.0
93,2024-07-25,Est,Electronique,558,15.69
94,2024-07-25,Est,Alimentaire,113,81.67
95,2024-07-25,Est,Alimentaire,589,111.38
96,2024-07-25,Centre,Electronique,462,164.94
97,2024-07-25,Centre,Electronique,12,254.26
98,2024-07-26,Sud,Mobilier,203,377.41
99,2024-07-26,Est,Mobilier,155,101.2
100,2024-07-26,Est,Mobilier,134,180.46
101,2024-07-26,Est,Cosmetique,321,154.46
102,2024-07-26,Ouest,Cosmetique,51,347.73
103,2024-07-27,Ouest,Mobilier,268,258.16
104,2024-07-27,Centre,Mobilier,141,868.92
105,2024-07-28,Nord,Electronique,386,233.28
106,2024-07-28,Nord,Cosmetique,415,228.46
107,2024-07-28,Est,Mobilier,422,123.91
108,2024-07-29,Nord,Textile,84,349.06
109,2024-07-29,Sud,Alimentaire,395,345.5
110,2024-07-29,Ouest,Mobilier,324,404.74
111,2024-07-29,Centre,Cosmetique,270,551.84
112,2024-07-30,Sud,Mobilier,336,348.87
113,2024-07-30,Sud,Textile,422,227.78
114,2024-07-30,Ouest,Electronique,295,531.83
115,2024-07-30,Centre,Cosmetique,554,228.61
116,2024-07-30,Centre,Electronique,416,282.63
117,2024-07-31,Sud,Alimentaire,376,357.67
118,2024-07-31,Ouest,Electronique,356,82.08
119,2024-07-31,Ouest,Mobilier,168,174.29
120,2024-07-31,Centre,Textile,299,187.4
121,2024-08-01,Nord,Electronique,125,90.79
122,2024-08-01,Nord,Textile,574,140.47
123,2024-08-01,Nord,Cosmetique,328,122.04
124,2024-08-01,Sud,Cosmetique,589,394.12
125,2024-08-01,Sud,Mobilier,394,350.43
126,2024-08-01,Centre,Mobilier,236,592.3
127,2024-08-02,Nord,Mobilier,225,400.32
128,2024-08-02,Sud,Textile,520,95.9
129,2024-08-02,Sud,Alimentaire,548,83.28
130,2024-08-02,Sud,Alimentaire,104,157.36
131,2024-08-02,Est,Alimentaire,277,172.44
132,2024-08-02,Ouest,Cosmetique,317,74.44
133,2024-08-02,Ouest,Cosmetique,266,78.61
134,2024-08-02,Ouest,Alimentaire,513,39.82
135,2024-08-02,Ouest,Mobilier,133,29.71
136,2024-08-03,Nord,Electronique,369,299.08
137,2024-08-03,Est,Alimentaire,320,204.07
138,2024-08-03,Ouest,Electronique,315,452.6
139,2024-08-04,Nord,Alimentaire,356,268.88
140,2024-08-04,Sud,Electronique,130,377.03
141,2024-08-04,Sud,Mobilier,1,340.02
142,2024-08-04,Est,Cosmetique,166,293.54
143,2024-08-04,Centre,Alimentaire,359,467.07
144,2024-08-05,Est,Alimentaire,104,235.99
145,2024-08-05,Centre,Mobilier,23,659.55
146,2024-08-06,Sud,Textile,85,339.2
147,2024-08-06,Est,Alimentaire,230,100.48
148,2024-08-06,Ouest,Electronique,439,320.39
149,2024-08-06,Centre,Mobilier,20,353.92
150,2024-08-06,Centre,Textile,239,287.18
151,2024-08-07,Nord,Alimentaire,186,433.26
152,2024-08-07,Sud,Alimentaire,136,160.67
153,2024-08-07,Est,Cosmetique,499,328.28
154,2024-08-07,Ouest,Textile,276,298.23
155,2024-08-07,Centre,Mobilier,47,440.5
156,2024-08-08,Nord,Electronique,381,255.8
157,2024-08-08,Nord,Alimentaire,77,115.17
158,2024-08-08,Centre,Mobilier,382,482.22
159,2024-08-09,Nord,Cosmetique,352,357.39
160,2024-08-09,Sud,Alimentaire,268,425.33
161,2024-08-09,Centre,Textile,332,366.21
162,2024-08-10,Sud,Mobilier,558,629.38
163,2024-08-11,Nord,Electronique,88,223.67
164,2024-08-11,Sud,Cosmetique,55,100.73
165,2024-08-11,Sud,Mobilier,61,108.88
166,2024-08-11,Sud,Alimentaire,176,164.62
167,2024-08-11,Centre,Electronique,338,467.78
168,2024-08-12,Sud,Alimentaire,133,430.08
169,2024-08-12,Ouest,Alimentaire,76,313.48
170,2024-08-13,Nord,Textile,400,504.38
171,2024-08-13,Sud,Textile,191,194.83
172,2024-08-13,Sud,Alimentaire,51,250.14
173,2024-08-13,Est,Cosmetique,196,271.12
174,2024-08-13,Centre,Textile,402,246.36
175,2024-08-13,Centre,Textile,405,299.27
176,2024-08-14,Nord,Textile,352,245.15
177,2024-08-14,Sud,Textile,434,86.54
178,2024-08-14,Sud,Electronique,144,127.86
179,2024-08-14,Sud,Alimentaire,257,196.44
180,2024-08-14,Est,Electronique,464,208.5
181,2024-08-14,Centre,Mobilier,355,525.6
182,2024-08-15,Nord,Mobilier,194,302.19
183,2024-08-15,Est,Mobilier,297,392.77
184,2024-08-15,Centre,Electronique,229,624.4
185,2024-08-16,Sud,Alimentaire,53,533.32
186,2024-08-16,Centre,Mobilier,549,91.95
187,2024-08-16,Centre,Textile,67,127.09
188,2024-08-16,Centre,Mobilier,101,171.71
189,2024-08-17,Est,Cosmetique,435,367.18
190,2024-08-17,Ouest,Textile,574,275.11
191,2024-08-17,Centre,Textile,86,337.71
192,2024-08-17,Centre,Textile,234,361.5
193,2024-08-18,Nord,Mobilier,163,472.38
194,2024-08-18,Sud,Textile,436,467.18
195,2024-08-18,Est,Cosmetique,107,340.62
196,2024-08-18,Ouest,Electronique,210,335.73
197,2024-08-19,Nord,Cosmetique,186,402.14
198,2024-08-19,Est,Alimentaire,211,90.03
199,2024-08-19,Ouest,Textile,123,255.71
200,2024-08-19,Ouest,Cosmetique,323,328.35
201,2024-08-20,Nord,Mobilier,257,558.61
202,2024-08-20,Sud,Alimentaire,271,582.4
203,2024-08-20,Centre,Cosmetique,169,553.38
204,2024-08-21,Nord,Textile,472,23.91
205,2024-08-21,Ouest,Mobilier,325,428.81
206,2024-08-22,Ouest,Textile,46,68.83
207,2024-08-22,Ouest,Alimentaire,504,97.98
208,2024-08-22,Ouest,Cosmetique,124,104.82
209,2024-08-22,Centre,Textile,442,590.13
210,2024-08-23,Ouest,Alimentaire,167,578.56
211,2024-08-24,Nord,Mobilier,395,368.96
212,2024-08-24,Sud,Cosmetique,240,401.67
213,2024-08-24,Centre,Cosmetique,431,597.95
214,2024-08-25,Sud,Alimentaire,461,218.36
215,2024-08-25,Sud,Cosmetique,571,127.62
216,2024-08-25,Sud,Mobilier,158,175.63
217,2024-08-26,Sud,Mobilier,257,526.32
218,2024-08-26,Est,Cosmetique,145,63.69
219,2024-08-26,Ouest,Textile,434,407.81
220,2024-08-27,Nord,Textile,247,347.34
221,2024-08-27,Sud,Mobilier,204,366.62
222,2024-08-27,Est,Textile,539,355.73
223,2024-08-28,Nord,Alimentaire,181,290.75
224,2024-08-28,Sud,Electronique,331,683.85
225,2024-08-28,Est,Cosmetique,115,10.0
226,2024-08-29,Nord,Alimentaire,375,313.75
227,2024-08-29,Ouest,Mobilier,461,497.9
228,2024-08-29,Centre,Electronique,170,626.37
229,2024-08-30,Nord,Mobilier,275,224.49
230,2024-08-30,Ouest,Electronique,543,445.91
231,2024-08-30,Centre,Alimentaire,126,890.21
232,2024-08-31,Centre,Electronique,566,696.48
233,2024-09-01,Nord,Textile,216,142.02
234,2024-09-01,Sud,Alimentaire,257,329.67
235,2024-09-01,Ouest,Cosmetique,300,156.67
236,2024-09-01,Centre,Mobilier,28,461.61
237,2024-09-02,Nord,Textile,586,64.56
238,2024-09-02,Ouest,Cosmetique,492,172.83
239,2024-09-03,Nord,Electronique,471,199.96
240,2024-09-03,Nord,Textile,233,164.14
241,2024-09-03,Sud,Cosmetique,41,358.47
242,2024-09-03,Est,Alimentaire,451,100.78
243,2024-09-03,Ouest,Electronique,334,241.93
244,2024-09-05,Nord,Cosmetique,80,283.7
245,2024-09-05,Ouest,Electronique,589,180.67
246,2024-09-05,Centre,Cosmetique,599,360.7
247,2024-09-07,Est,Mobilier,312,251.39
248,2024-09-08,Nord,Alimentaire,482,274.08
249,2024-09-08,Nord,Textile,39,184.53
250,2024-09-08,Sud,Cosmetique,383,261.94
251,2024-09-08,Sud,Electronique,218,312.66
252,2024-09-08,Est,Alimentaire,115,266.46
253,2024-09-09,Est,Textile,21,257.82
254,2024-09-09,Ouest,Electronique,468,155.63
255,2024-09-09,Ouest,Alimentaire,473,155.39
256,2024-09-10,Sud,Electronique,87,210.58
257,2024-09-10,Ouest,Alimentaire,411,371.81
258,2024-09-10,Centre,Textile,31,368.92
259,2024-09-10,Centre,Textile,381,357.19
260,2024-09-11,Nord,Electronique,10,205.38
261,2024-09-11,Sud,Alimentaire,59,262.99
262,2024-09-11,Est,Cosmetique,457,263.89
263,2024-09-11,Ouest,Textile,123,431.9
264,2024-09-12,Nord,Cosmetique,25,66.44
265,2024-09-12,Nord,Cosmetique,338,165.28
266,2024-09-12,Nord,Mobilier,95,97.09
267,2024-09-12,Nord,Electronique,231,143.34
268,2024-09-12,Sud,Electronique,437,290.22
269,2024-09-12,Est,Electronique,541,226.28
270,2024-09-12,Ouest,Alimentaire,33,404.08
271,2024-09-12,Centre,Textile,17,227.5
272,2024-09-12,Centre,Textile,56,196.34
273,2024-09-12,Centre,Mobilier,237,218.05
274,2024-09-13,Nord,Mobilier,229,356.71
275,2024-09-13,Sud,Mobilier,201,541.06
276,2024-09-13,Centre,Cosmetique,373,317.79
277,2024-09-13,Centre,Electronique,95,380.49
278,2024-09-14,Nord,Alimentaire,81,300.21
279,2024-09-14,Sud,Textile,333,151.85
280,2024-09-14,Sud,Alimentaire,200,209.81
281,2024-09-14,Est,Electronique,488,206.48
282,2024-09-14,Est,Electronique,131,191.4
283,2024-09-15,Nord,Textile,427,116.64
284,2024-09-15,Est,Cosmetique,292,81.72
285,2024-09-15,Ouest,Mobilier,77,99.31
286,2024-09-15,Ouest,Cosmetique,452,232.98
287,2024-09-16,Nord,Electronique,9,261.0
288,2024-09-16,Sud,Electronique,165,226.57
289,2024-09-16,Est,Cosmetique,306,171.7
290,2024-09-16,Ouest,Mobilier,587,387.13
291,2024-09-17,Nord,Mobilier,336,255.85
292,2024-09-17,Ouest,Electronique,485,445.45
293,2024-09-17,Centre,Mobilier,189,265.49
294,2024-09-18,Nord,Mobilier,476,217.53
295,2024-09-18,Sud,Textile,456,257.67
296,2024-09-18,Sud,Textile,269,298.18
297,2024-09-18,Sud,Alimentaire,569,182.76
298,2024-09-18,Ouest,Cosmetique,438,382.09
299,2024-09-19,Nord,Electronique,467,115.07
300,2024-09-19,Ouest,Mobilier,431,359.54
301,2024-09-20,Nord,Alimentaire,381,310.55
302,2024-09-20,Sud,Textile,70,623.51
303,2024-09-20,Centre,Mobilier,325,290.75
304,2024-09-20,Centre,Cosmetique,348,300.82
305,2024-09-21,Nord,Textile,402,251.67
306,2024-09-21,Sud,Electronique,353,349.64
307,2024-09-21,Centre,Mobilier,267,218.21
308,2024-09-21,Centre,Alimentaire,25,86.53
309,2024-09-21,Centre,Electronique,432,163.57
310,2024-09-22,Nord,Mobilier,1,159.75
311,2024-09-22,Sud,Mobilier,525,582.0
312,2024-09-23,Nord,Mobilier,169,266.12
313,2024-09-23,Est,Mobilier,234,61.6
314,2024-09-23,Ouest,Mobilier,592,269.94
315,2024-09-23,Centre,Electronique,364,448.4
316,2024-09-24,Nord,Cosmetique,264,219.83
317,2024-09-24,Sud,Cosmetique,368,344.32
318,2024-09-24,Sud,Electronique,244,204.73
319,2024-09-24,Est,Cosmetique,483,185.57
320,2024-09-24,Ouest,Alimentaire,101,293.51
321,2024-09-24,Centre,Alimentaire,502,459.06
322,2024-09-25,Nord,Electronique,307,63.22
323,2024-09-25,Ouest,Alimentaire,503,294.15
324,2024-09-25,Centre,Electronique,1,678.1
325,2024-09-26,Est,Alimentaire,396,304.39
326,2024-09-26,Centre,Textile,481,283.17
327,2024-09-27,Nord,Electronique,439,258.08
328,2024-09-27,Sud,Mobilier,497,721.63
329,2024-09-28,Est,Alimentaire,190,98.34
330,2024-09-28,Est,Textile,484,25.29
331,2024-09-28,Est,Electronique,133,44.7
332,2024-09-28,Est,Alimentaire,55,109.52
333,2024-09-29,Nord,Mobilier,381,205.58
334,2024-09-29,Sud,Alimentaire,438,171.95
335,2024-09-29,Ouest,Textile,394,301.46
336,2024-09-29,Centre,Cosmetique,470,453.59
337,2024-09-30,Ouest,Cosmetique,498,401.12
338,2024-10-01,Nord,Textile,440,202.35
339,2024-10-01,Sud,Textile,236,198.28
340,2024-10-01,Sud,Electronique,543,179.03
341,2024-10-01,Est,Cosmetique,416,152.61
342,2024-10-01,Centre,Electronique,456,293.97
343,2024-10-02,Sud,Alimentaire,82,165.35
344,2024-10-02,Sud,Textile,522,61.53
345,2024-10-02,Est,Electronique,545,97.14
346,2024-10-02,Est,Textile,35,53.35
347,2024-10-02,Ouest,Electronique,569,307.02
348,2024-10-03,Est,Alimentaire,476,69.05
349,2024-10-03,Centre,Alimentaire,578,108.08
350,2024-10-04,Nord,Mobilier,354,87.36
351,2024-10-04,Sud,Cosmetique,553,326.91
352,2024-10-04,Est,Mobilier,93,318.74
353,2024-10-04,Centre,Cosmetique,95,303.12
354,2024-10-04,Centre,Alimentaire,326,252.24
355,2024-10-05,Est,Electronique,254,199.72
356,2024-10-06,Nord,Textile,228,106.89
357,2024-10-06,Nord,Alimentaire,526,102.51
358,2024-10-06,Nord,Alimentaire,528,10.0
359,2024-10-06,Est,Electronique,112,195.55
360,2024-10-06,Ouest,Alimentaire,414,129.6
361,2024-10-07,Est,Alimentaire,133,233.22
362,2024-10-07,Centre,Electronique,573,166.67
363,2024-10-08,Sud,Alimentaire,440,484.23
364,2024-10-08,Est,Cosmetique,560,237.78
365,2024-10-08,Ouest,Cosmetique,366,201.91
366,2024-10-08,Centre,Cosmetique,54,304.82
367,2024-10-09,Nord,Cosmetique,580,148.22
368,2024-10-09,Sud,Alimentaire,491,100.57
369,2024-10-09,Sud,Textile,583,115.81
370,2024-10-09,Sud,Cosmetique,529,140.57
371,2024-10-09,Est,Cosmetique,210,171.4
372,2024-10-09,Ouest,Alimentaire,416,127.9
373,2024-10-09,Centre,Mobilier,18,433.93
374,2024-10-10,Sud,Alimentaire,266,219.07
375,2024-10-10,Est,Electronique,317,101.94
376,2024-10-10,Est,Cosmetique,365,128.87
377,2024-10-10,Centre,Electronique,86,201.14
378,2024-10-11,Nord,Cosmetique,309,105.28
379,2024-10-11,Centre,Mobilier,318,616.87
380,2024-10-12,Nord,Textile,447,184.6
381,2024-10-12,Sud,Mobilier,420,450.66
382,2024-10-12,Est,Alimentaire,128,171.6
383,2024-10-12,Ouest,Alimentaire,176,10.0
384,2024-10-12,Centre,Electronique,233,461.4
385,2024-10-13,Sud,Electronique,95,547.75
386,2024-10-13,Est,Alimentaire,19,124.32
387,2024-10-13,Ouest,Alimentaire,525,361.98
388,2024-10-14,Nord,Alimentaire,37,308.7
389,2024-10-15,Nord,Cosmetique,342,287.51
390,2024-10-15,Sud,Mobilier,343,251.34
391,2024-10-15,Est,Cosmetique,311,164.54
392,2024-10-15,Ouest,Textile,437,202.54
393,2024-10-15,Centre,Cosmetique,511,310.18
394,2024-10-15,Centre,Alimentaire,260,321.13
395,2024-10-16,Nord,Cosmetique,464,162.78
396,2024-10-16,Nord,Electronique,31,135.89
397,2024-10-16,Sud,Alimentaire,398,443.89
398,2024-10-16,Centre,Mobilier,553,537.33
399,2024-10-17,Nord,Cosmetique,134,219.76
400,2024-10-18,Sud,Alimentaire,466,318.09
401,2024-10-18,Ouest,Electronique,72,191.11
402,2024-10-18,Centre,Electronique,92,454.62
403,2024-10-19,Est,Cosmetique,371,93.2
404,2024-10-19,Est,Alimentaire,112,131.3
405,2024-10-19,Ouest,Mobilier,170,203.74
406,2024-10-19,Ouest,Textile,14,203.83
407,2024-10-19,Centre,Electronique,385,357.41
408,2024-10-20,Nord,Textile,131,240.17
409,2024-10-20,Sud,Mobilier,51,277.92
410,2024-10-20,Sud,Cosmetique,5,165.87
411,2024-10-20,Est,Electronique,475,130.06
412,2024-10-20,Centre,Textile,44,489.25
413,2024-10-21,Sud,Electronique,383,296.24
414,2024-10-21,Sud,Textile,440,287.81
415,2024-10-21,Est,Alimentaire,215,176.69
416,2024-10-22,Nord,Alimentaire,383,264.32
417,2024-10-22,Sud,Cosmetique,232,235.91
418,2024-10-22,Centre,Mobilier,77,384.47
419,2024-10-23,Nord,Electronique,327,69.56
420,2024-10-23,Est,Mobilier,68,86.14
421,2024-10-23,Est,Textile,344,20.27
422,2024-10-23,Ouest,Cosmetique,95,301.81
423,2024-10-23,Centre,Alimentaire,341,163.92
424,2024-10-23,Centre,Alimentaire,170,220.39
425,2024-10-24,Nord,Cosmetique,99,153.89
426,2024-10-24,Sud,Electronique,469,402.0
427,2024-10-24,Ouest,Mobilier,149,406.53
428,2024-10-25,Sud,Textile,317,530.04
429,2024-10-25,Est,Mobilier,88,237.92
430,2024-10-25,Centre,Alimentaire,428,617.71
431,2024-10-26,Est,Cosmetique,27,170.01
432,2024-10-26,Ouest,Alimentaire,43,282.51
433,2024-10-26,Centre,Alimentaire,502,190.56
434,2024-10-27,Nord,Textile,453,140.36
435,2024-10-27,Sud,Electronique,256,281.84
436,2024-10-27,Est,Electronique,15,158.86
437,2024-10-28,Nord,Textile,165,274.11
438,2024-10-28,Sud,Cosmetique,415,141.68
439,2024-10-29,Nord,Mobilier,330,191.93
440,2024-10-29,Est,Cosmetique,271,56.07
441,2024-10-29,Est,Mobilier,501,86.2
442,2024-10-30,Sud,Electronique,275,286.49
443,2024-10-30,Ouest,Alimentaire,394,173.9
444,2024-10-30,Ouest,Alimentaire,90,123.96
445,2024-10-31,Nord,Cosmetique,98,117.78
446,2024-10-31,Sud,Textile,149,414.65
447,2024-10-31,Est,Mobilier,162,69.38
448,2024-10-31,Ouest,Alimentaire,109,335.4
449,2024-10-31,Centre,Cosmetique,467,443.71
450,2024-11-01,Sud,Textile,543,168.2
451,2024-11-01,Est,Electronique,20,239.21
452,2024-11-02,Sud,Textile,551,321.79
453,2024-11-02,Est,Electronique,156,169.67
454,2024-11-02,Ouest,Cosmetique,332,256.63
455,2024-11-03,Est,Textile,335,60.2
456,2024-11-03,Centre,Cosmetique,545,301.84
457,2024-11-03,Centre,Electronique,44,223.57
458,2024-11-04,Nord,Alimentaire,286,233.63
459,2024-11-04,Sud,Alimentaire,188,311.06
460,2024-11-04,Ouest,Electronique,590,169.25
461,2024-11-04,Centre,Mobilier,535,297.96
462,2024-11-05,Sud,Mobilier,325,173.7
463,2024-11-05,Est,Alimentaire,475,93.71
464,2024-11-05,Ouest,Alimentaire,559,190.72
465,2024-11-05,Centre,Textile,235,374.19
466,2024-11-06,Nord,Textile,47,184.49
467,2024-11-06,Est,Alimentaire,261,136.19
468,2024-11-06,Ouest,Mobilier,52,128.37
469,2024-11-06,Centre,Textile,419,308.2
470,2024-11-07,Nord,Electronique,224,120.31
471,2024-11-07,Sud,Textile,210,200.84
472,2024-11-07,Ouest,Textile,562,230.43
473,2024-11-07,Centre,Textile,34,390.03
474,2024-11-08,Nord,Cosmetique,289,149.47
475,2024-11-08,Est,Electronique,423,107.15
476,2024-11-08,Centre,Alimentaire,481,410.71
477,2024-11-09,Sud,Mobilier,503,365.98
478,2024-11-09,Ouest,Mobilier,356,204.58
479,2024-11-09,Centre,Alimentaire,121,138.9
480,2024-11-09,Centre,Cosmetique,342,173.45
481,2024-11-10,Nord,Mobilier,447,199.58
482,2024-11-10,Ouest,Textile,526,256.07
483,2024-11-11,Nord,Mobilier,114,278.24
484,2024-11-11,Sud,Electronique,334,249.21
485,2024-11-11,Ouest,Electronique,390,218.57
486,2024-11-12,Nord,Alimentaire,231,63.48
487,2024-11-12,Nord,Cosmetique,521,55.34
488,2024-11-12,Est,Cosmetique,596,161.18
489,2024-11-13,Nord,Mobilier,562,109.47
490,2024-11-13,Est,Cosmetique,95,240.03
491,2024-11-13,Ouest,Cosmetique,505,149.2
492,2024-11-13,Ouest,Mobilier,87,77.32
493,2024-11-14,Sud,Electronique,294,245.3
494,2024-11-14,Centre,Textile,463,383.8
495,2024-11-15,Sud,Alimentaire,179,370.77
496,2024-11-15,Centre,Electronique,263,215.66
497,2024-11-16,Est,Cosmetique,502,92.85
498,2024-11-16,Ouest,Cosmetique,409,91.65
499,2024-11-17,Sud,Mobilier,580,216.69
500,2024-11-17,Ouest,Alimentaire,252,175.33
501,2024-11-18,Sud,Textile,12,440.76
502,2024-11-18,Ouest,Mobilier,509,148.99
503,2024-11-19,Sud,Mobilier,591,302.88
504,2024-11-19,Est,Textile,496,191.65
505,2024-11-19,Ouest,Textile,145,355.58
506,2024-11-19,Centre,Cosmetique,596,273.13
507,2024-11-20,Nord,Mobilier,112,249.25
508,2024-11-20,Sud,Electronique,317,385.36
509,2024-11-20,Est,Electronique,522,128.23
510,2024-11-20,Centre,Mobilier,265,79.43
511,2024-11-21,Nord,Textile,138,175.14
512,2024-11-21,Sud,Alimentaire,53,350.78
513,2024-11-22,Nord,Textile,447,201.8
514,2024-11-22,Ouest,Textile,432,85.02
515,2024-11-22,Centre,Alimentaire,389,283.62
516,2024-11-22,Centre,Textile,377,254.45
517,2024-11-23,Nord,Alimentaire,124,189.49
518,2024-11-23,Est,Mobilier,251,107.85
519,2024-11-23,Centre,Alimentaire,167,483.79
520,2024-11-24,Nord,Electronique,577,203.61
521,2024-11-24,Sud,Alimentaire,268,10.0
522,2024-11-24,Est,Textile,62,306.38
523,2024-11-24,Centre,Mobilier,478,278.32
524,2024-11-25,Nord,Alimentaire,443,230.78
525,2024-11-25,Sud,Textile,430,371.01
526,2024-11-25,Centre,Alimentaire,402,290.5
527,2024-11-26,Sud,Mobilier,102,289.89
528,2024-11-26,Est,Mobilier,236,147.16
529,2024-11-26,Centre,Electronique,217,369.46
530,2024-11-27,Ouest,Mobilier,65,92.94
531,2024-11-27,Ouest,Textile,24,81.59
532,2024-11-27,Ouest,Mobilier,540,142.43
533,2024-11-28,Nord,Mobilier,515,175.07
534,2024-11-28,Sud,Textile,34,185.87
535,2024-11-28,Est,Textile,89,128.65
536,2024-11-29,Nord,Mobilier,248,304.18
537,2024-11-29,Est,Mobilier,369,209.07
538,2024-11-30,Ouest,Alimentaire,288,86.91
539,2024-11-30,Centre,Mobilier,428,476.72
540,2024-12-01,Nord,Electronique,11,248.46
541,2024-12-01,Est,Electronique,156,282.57
542,2024-12-01,Centre,Electronique,236,804.23
543,2024-12-02,Est,Electronique,110,178.31
544,2024-12-02,Centre,Mobilier,542,102.79
545,2024-12-02,Centre,Alimentaire,595,121.71
546,2024-12-03,Sud,Textile,120,664.39
547,2024-12-03,Ouest,Mobilier,526,228.15
548,2024-12-03,Centre,Cosmetique,568,926.74
549,2024-12-04,Nord,Mobilier,349,295.67
550,2024-12-04,Sud,Electronique,255,181.42
551,2024-12-04,Sud,Cosmetique,114,306.13
552,2024-12-04,Sud,Mobilier,466,195.2
553,2024-12-04,Sud,Alimentaire,277,255.74
554,2024-12-04,Ouest,Alimentaire,548,293.65
555,2024-12-04,Centre,Cosmetique,96,824.13
556,2024-12-05,Sud,Textile,395,875.94
557,2024-12-05,Ouest,Cosmetique,91,223.12
558,2024-12-05,Ouest,Alimentaire,594,254.35
559,2024-12-05,Centre,Cosmetique,417,316.59
560,2024-12-05,Centre,Electronique,555,242.39
561,2024-12-06,Nord,Electronique,70,339.26
562,2024-12-06,Est,Textile,218,133.78
563,2024-12-06,Centre,Cosmetique,51,359.99
564,2024-12-07,Sud,Cosmetique,442,559.75
565,2024-12-07,Est,Cosmetique,25,205.87
566,2024-12-07,Ouest,Cosmetique,565,381.97
567,2024-12-08,Nord,Textile,204,486.95
568,2024-12-08,Est,Alimentaire,49,268.51
569,2024-12-08,Ouest,Mobilier,213,234.69
570,2024-12-08,Ouest,Textile,214,150.01
571,2024-12-08,Ouest,Alimentaire,359,150.76
572,2024-12-08,Centre,Alimentaire,81,46.03
573,2024-12-09,Nord,Alimentaire,310,348.07
574,2024-12-09,Sud,Cosmetique,3,670.63
575,2024-12-09,Ouest,Textile,482,364.23
576,2024-12-10,Sud,Alimentaire,57,230.39
577,2024-12-10,Sud,Mobilier,304,125.32
578,2024-12-10,Sud,Mobilier,374,197.6
579,2024-12-10,Sud,Electronique,6,146.55
580,2024-12-10,Est,Alimentaire,303,129.74
581,2024-12-11,Nord,Textile,16,367.38
582,2024-12-11,Sud,Cosmetique,593,524.82
583,2024-12-11,Ouest,Electronique,132,427.47
584,2024-12-11,Centre,Alimentaire,584,480.5
585,2024-12-11,Centre,Cosmetique,446,406.57
586,2024-12-12,Est,Textile,338,216.42
587,2024-12-13,Sud,Textile,16,422.79
588,2024-12-13,Est,Electronique,220,219.85
589,2024-12-13,Ouest,Electronique,594,363.82
590,2024-12-13,Ouest,Alimentaire,519,335.51
591,2024-12-13,Centre,Cosmetique,77,660.26
592,2024-12-14,Nord,Mobilier,596,417.84
593,2024-12-14,Sud,Cosmetique,428,696.16
594,2024-12-14,Centre,Textile,569,444.59
595,2024-12-15,Est,Textile,587,153.8
596,2024-12-16,Nord,Alimentaire,375,237.42
597,2024-12-16,Est,Mobilier,474,208.15
598,2024-12-16,Ouest,Alimentaire,94,641.85
599,2024-12-16,Centre,Textile,474,381.09
600,2024-12-16,Centre,Textile,410,367.63
601,2024-12-17,Sud,Cosmetique,65,729.44
602,2024-12-17,Est,Mobilier,10,118.05
603,2024-12-17,Ouest,Cosmetique,502,286.47
604,2024-12-17,Centre,Cosmetique,262,224.88
605,2024-12-17,Centre,Alimentaire,237,331.08
606,2024-12-18,Nord,Cosmetique,61,399.41
607,2024-12-18,Sud,Electronique,375,208.66
608,2024-12-18,Sud,Electronique,27,251.23
609,2024-12-18,Ouest,Cosmetique,121,393.9
610,2024-12-18,Centre,Mobilier,173,420.97
611,2024-12-18,Centre,Cosmetique,557,529.05
612,2024-12-19,Nord,Textile,280,328.78
613,2024-12-19,Sud,Textile,375,469.22
614,2024-12-19,Ouest,Mobilier,392,266.42
615,2024-12-20,Nord,Alimentaire,295,411.94
616,2024-12-20,Centre,Electronique,91,840.35
617,2024-12-21,Sud,Electronique,228,462.02
618,2024-12-21,Sud,Alimentaire,376,330.87
619,2024-12-21,Ouest,Cosmetique,397,278.04
620,2024-12-21,Centre,Mobilier,385,825.67
621,2024-12-22,Sud,Cosmetique,495,334.17
622,2024-12-22,Centre,Alimentaire,46,743.9
623,2024-12-23,Nord,Mobilier,178,275.83
624,2024-12-23,Sud,Electronique,395,549.49
625,2024-12-23,Est,Electronique,378,296.56
626,2024-12-23,Centre,Cosmetique,75,265.75
627,2024-12-24,Centre,Textile,324,559.62
628,2024-12-24,Centre,Alimentaire,245,357.76
629,2024-12-25,Nord,Alimentaire,199,490.44
630,2024-12-25,Ouest,Cosmetique,257,526.6
631,2024-12-25,Centre,Alimentaire,393,786.87
632,2024-12-26,Ouest,Electronique,498,600.91
633,2024-12-27,Nord,Cosmetique,398,361.71
634,2024-12-27,Est,Electronique,109,195.44
635,2024-12-27,Ouest,Mobilier,273,407.27
636,2024-12-27,Centre,Mobilier,265,837.83
637,2024-12-28,Nord,Textile,321,437.25
638,2024-12-28,Est,Alimentaire,202,228.39
639,2024-12-28,Ouest,Mobilier,57,404.55
640,2024-12-28,Centre,Alimentaire,579,222.88
641,2024-12-28,Centre,Electronique,90,117.31
642,2024-12-28,Centre,Cosmetique,349,122.77
643,2024-12-29,Est,Mobilier,172,345.54
644,2024-12-29,Ouest,Cosmetique,269,207.84
645,2024-12-29,Ouest,Mobilier,400,296.96
646,2024-12-30,Est,Alimentaire,373,155.72
647,2024-12-30,Centre,Mobilier,71,434.88
648,2024-12-30,Centre,Mobilier,505,492.24
649,2024-12-31,Nord,Electronique,530,194.23
650,2024-12-31,Ouest,Textile,459,319.99
651,2025-01-01,Sud,Electronique,592,178.71
652,2025-01-01,Est,Cosmetique,304,72.43
653,2025-01-01,Centre,Alimentaire,540,483.98
654,2025-01-02,Est,Alimentaire,32,10.0
655,2025-01-02,Ouest,Mobilier,249,258.88
656,2025-01-02,Centre,Alimentaire,205,445.77
657,2025-01-03,Ouest,Textile,161,29.83
658,2025-01-03,Ouest,Textile,128,138.03
659,2025-01-03,Ouest,Mobilier,473,47.87
660,2025-01-04,Ouest,Mobilier,34,117.23
661,2025-01-04,Centre,Cosmetique,376,298.8
662,2025-01-05,Nord,Mobilier,493,287.49
663,2025-01-05,Centre,Electronique,75,486.47
664,2025-01-07,Nord,Electronique,531,29.37
665,2025-01-07,Sud,Electronique,416,127.21
666,2025-01-07,Sud,Textile,494,23.65
667,2025-01-07,Est,Alimentaire,42,226.98
668,2025-01-07,Centre,Cosmetique,189,342.95
669,2025-01-08,Nord,Mobilier,14,142.53
670,2025-01-08,Sud,Cosmetique,569,321.63
671,2025-01-08,Ouest,Textile,395,341.62
672,2025-01-08,Centre,Mobilier,8,137.43
673,2025-01-09,Nord,Mobilier,219,165.77
674,2025-01-09,Sud,Textile,220,207.31
675,2025-01-09,Centre,Alimentaire,346,232.92
676,2025-01-10,Nord,Mobilier,39,321.88
677,2025-01-10,Est,Alimentaire,290,135.54
678,2025-01-11,Nord,Textile,306,137.28
679,2025-01-11,Centre,Cosmetique,14,67.36
680,2025-01-11,Centre,Mobilier,263,90.9
681,2025-01-11,Centre,Alimentaire,225,174.49
682,2025-01-12,Sud,Mobilier,81,309.4
683,2025-01-12,Est,Alimentaire,288,166.06
684,2025-01-12,Centre,Mobilier,561,344.85
685,2025-01-13,Sud,Mobilier,148,118.8
686,2025-01-13,Est,Mobilier,558,96.26
687,2025-01-13,Ouest,Cosmetique,18,375.3
688,2025-01-14,Nord,Mobilier,363,164.35
689,2025-01-14,Nord,Alimentaire,230,102.68
690,2025-01-14,Est,Cosmetique,41,119.65
691,2025-01-14,Ouest,Electronique,438,385.89
692,2025-01-15,Sud,Alimentaire,53,376.85
693,2025-01-15,Est,Alimentaire,401,53.91
694,2025-01-15,Ouest,Electronique,379,313.23
695,2025-01-15,Centre,Cosmetique,8,356.33
696,2025-01-16,Nord,Mobilier,198,132.46
697,2025-01-16,Sud,Alimentaire,39,392.13
698,2025-01-16,Est,Electronique,47,137.63
699,2025-01-16,Centre,Mobilier,228,367.06
700,2025-01-17,Sud,Cosmetique,435,228.86
701,2025-01-17,Sud,Alimentaire,99,266.12
702,2025-01-17,Est,Mobilier,231,109.6
703,2025-01-17,Ouest,Mobilier,62,144.51
704,2025-01-17,Ouest,Textile,161,180.7
705,2025-01-17,Ouest,Electronique,541,130.6
706,2025-01-18,Sud,Mobilier,2,310.95
707,2025-01-18,Est,Cosmetique,180,227.78
708,2025-01-18,Centre,Textile,65,180.04
709,2025-01-19,Nord,Mobilier,159,110.64
710,2025-01-19,Sud,Mobilier,245,76.82
711,2025-01-19,Sud,Cosmetique,414,171.42
712,2025-01-19,Est,Textile,321,238.16
713,2025-01-19,Centre,Textile,442,154.73
714,2025-01-19,Centre,Electronique,28,295.69
715,2025-01-20,Sud,Mobilier,570,321.15
716,2025-01-20,Ouest,Electronique,23,222.73
717,2025-01-20,Centre,Textile,450,232.75
718,2025-01-20,Centre,Electronique,401,236.3
719,2025-01-21,Nord,Cosmetique,511,201.89
720,2025-01-21,Est,Alimentaire,440,141.8
721,2025-01-21,Centre,Cosmetique,49,290.6
722,2025-01-22,Nord,Textile,193,260.91
723,2025-01-22,Sud,Cosmetique,408,428.78
724,2025-01-22,Est,Textile,314,152.06
725,2025-01-22,Centre,Cosmetique,346,453.83
726,2025-01-23,Nord,Mobilier,379,346.76
727,2025-01-23,Est,Mobilier,422,98.91
728,2025-01-24,Ouest,Cosmetique,294,289.25
729,2025-01-25,Nord,Electronique,559,223.67
730,2025-01-25,Est,Textile,522,131.03
731,2025-01-25,Ouest,Mobilier,402,39.29
732,2025-01-25,Ouest,Textile,149,20.35
733,2025-01-25,Ouest,Mobilier,586,55.5
734,2025-01-25,Ouest,Alimentaire,169,10.0
735,2025-01-26,Nord,Cosmetique,241,117.7
736,2025-01-26,Est,Mobilier,532,25.15
737,2025-01-26,Centre,Cosmetique,91,220.63
738,2025-01-27,Nord,Alimentaire,38,276.71
739,2025-01-27,Est,Textile,123,113.76
740,2025-01-27,Ouest,Cosmetique,443,28.48
741,2025-01-27,Centre,Mobilier,354,168.06
742,2025-01-27,Centre,Alimentaire,473,156.82
743,2025-01-28,Sud,Mobilier,191,152.48
744,2025-01-28,Est,Alimentaire,439,152.93
745,2025-01-28,Centre,Alimentaire,310,250.64
746,2025-01-28,Centre,Mobilier,507,289.6
747,2025-01-29,Nord,Cosmetique,519,79.86
748,2025-01-29,Nord,Textile,186,157.04
749,2025-01-29,Ouest,Textile,506,326.39
750,2025-01-29,Centre,Alimentaire,113,227.73
751,2025-01-30,Nord,Mobilier,329,163.8
752,2025-01-30,Sud,Alimentaire,311,258.05
753,2025-01-30,Ouest,Textile,581,336.18
754,2025-01-31,Nord,Alimentaire,27,301.5
755,2025-01-31,Est,Alimentaire,12,167.6
756,2025-02-01,Nord,Textile,112,324.32
757,2025-02-01,Est,Cosmetique,468,233.74
758,2025-02-01,Ouest,Alimentaire,339,303.42
759,2025-02-01,Centre,Cosmetique,219,111.62
760,2025-02-02,Sud,Alimentaire,223,515.12
761,2025-02-02,Ouest,Mobilier,544,362.12
762,2025-02-03,Sud,Alimentaire,84,144.13
763,2025-02-03,Sud,Alimentaire,543,161.49
764,2025-02-03,Sud,Electronique,52,156.32
765,2025-02-03,Est,Mobilier,478,121.86
766,2025-02-04,Nord,Mobilier,258,256.5
767,2025-02-04,Sud,Cosmetique,562,238.88
768,2025-02-04,Est,Cosmetique,413,127.82
769,2025-02-04,Centre,Alimentaire,28,503.63
770,2025-02-05,Sud,Textile,264,280.64
771,2025-02-05,Ouest,Alimentaire,576,101.28
772,2025-02-05,Centre,Electronique,258,762.21
773,2025-02-06,Nord,Alimentaire,47,257.37
774,2025-02-06,Sud,Electronique,28,198.6
775,2025-02-06,Est,Alimentaire,167,240.36
776,2025-02-07,Sud,Cosmetique,346,410.85
777,2025-02-07,Centre,Alimentaire,118,450.49
778,2025-02-08,Sud,Cosmetique,596,385.7
779,2025-02-08,Est,Textile,300,217.94
780,2025-02-08,Ouest,Textile,342,167.11
781,2025-02-09,Nord,Mobilier,347,112.92
782,2025-02-09,Sud,Alimentaire,217,213.38
783,2025-02-09,Sud,Mobilier,516,191.8
784,2025-02-09,Est,Alimentaire,69,70.84
785,2025-02-09,Centre,Textile,489,532.97
786,2025-02-10,Nord,Electronique,193,225.36
787,2025-02-10,Sud,Mobilier,289,265.89
788,2025-02-11,Nord,Mobilier,564,299.05
789,2025-02-11,Sud,Textile,312,430.67
790,2025-02-11,Centre,Textile,42,324.77
791,2025-02-12,Sud,Electronique,531,697.71
792,2025-02-12,Est,Mobilier,104,67.83
793,2025-02-12,Ouest,Textile,154,423.67
794,2025-02-12,Centre,Textile,143,423.68
795,2025-02-13,Nord,Electronique,64,164.64
796,2025-02-13,Sud,Electronique,73,424.06
797,2025-02-13,Est,Cosmetique,106,78.14
798,2025-02-13,Ouest,Alimentaire,406,182.62
799,2025-02-13,Centre,Cosmetique,524,169.22
800,2025-02-13,Centre,Electronique,194,151.81
801,2025-02-14,Sud,Textile,439,199.72
802,2025-02-15,Nord,Electronique,532,78.97
803,2025-02-15,Sud,Mobilier,59,493.89
804,2025-02-15,Est,Textile,263,187.24
805,2025-02-16,Nord,Cosmetique,222,286.7
806,2025-02-16,Sud,Cosmetique,526,104.9
807,2025-02-16,Sud,Cosmetique,389,139.47
808,2025-02-16,Sud,Textile,113,98.34
809,2025-02-16,Ouest,Alimentaire,204,169.15
810,2025-02-16,Centre,Alimentaire,429,333.91
811,2025-02-17,Est,Alimentaire,493,157.6
812,2025-02-17,Ouest,Electronique,172,223.62
813,2025-02-18,Sud,Electronique,246,327.53
814,2025-02-18,Est,Mobilier,71,83.09
815,2025-02-18,Ouest,Textile,5,266.2
816,2025-02-18,Ouest,Mobilier,297,119.8
817,2025-02-19,Nord,Electronique,188,192.03
818,2025-02-19,Est,Textile,199,160.76
819,2025-02-19,Ouest,Cosmetique,333,65.18
820,2025-02-19,Ouest,Textile,535,100.79
821,2025-02-19,Centre,Electronique,315,305.16
822,2025-02-19,Centre,Cosmetique,128,228.21
823,2025-02-20,Sud,Cosmetique,416,363.47
824,2025-02-21,Nord,Textile,412,49.35
825,2025-02-21,Nord,Alimentaire,331,126.29
826,2025-02-21,Ouest,Electronique,389,358.03
827,2025-02-21,Centre,Electronique,540,543.95
828,2025-02-22,Nord,Alimentaire,420,268.47
829,2025-02-22,Est,Mobilier,420,166.75
830,2025-02-23,Sud,Mobilier,186,242.58
831,2025-02-24,Est,Electronique,83,186.11
832,2025-02-25,Sud,Alimentaire,522,213.92
833,2025-02-26,Nord,Alimentaire,247,387.33
834,2025-02-26,Sud,Cosmetique,151,401.91
835,2025-02-26,Ouest,Mobilier,130,319.61
836,2025-02-27,Nord,Mobilier,577,228.35
837,2025-02-27,Sud,Cosmetique,468,164.49
838,2025-02-27,Sud,Textile,166,281.09
839,2025-02-27,Sud,Mobilier,189,227.05
840,2025-02-27,Ouest,Cosmetique,530,74.96
841,2025-02-28,Nord,Alimentaire,5,263.17
842,2025-02-28,Sud,Textile,125,336.17
843,2025-02-28,Ouest,Electronique,277,182.29
844,2025-03-01,Nord,Alimentaire,420,272.49
845,2025-03-01,Sud,Textile,419,395.46
846,2025-03-01,Est,Cosmetique,488,200.54
847,2025-03-01,Centre,Alimentaire,451,388.61
848,2025-03-01,Centre,Textile,307,340.55
849,2025-03-02,Nord,Electronique,68,361.57
850,2025-03-02,Est,Alimentaire,579,158.61
851,2025-03-02,Centre,Alimentaire,300,267.52
852,2025-03-02,Centre,Mobilier,485,195.33
853,2025-03-02,Centre,Textile,356,179.83
854,2025-03-03,Sud,Textile,590,200.97
855,2025-03-03,Sud,Mobilier,568,206.67
856,2025-03-03,Sud,Cosmetique,331,239.39
857,2025-03-03,Ouest,Cosmetique,479,159.07
858,2025-03-04,Nord,Mobilier,30,390.42
859,2025-03-04,Sud,Alimentaire,299,326.85
860,2025-03-04,Sud,Electronique,207,294.0
861,2025-03-04,Est,Cosmetique,202,248.67
862,2025-03-04,Ouest,Electronique,112,267.38
863,2025-03-05,Nord,Textile,494,205.14
864,2025-03-06,Sud,Textile,392,287.9
865,2025-03-06,Sud,Cosmetique,211,287.78
866,2025-03-06,Est,Alimentaire,446,133.0
867,2025-03-06,Centre,Textile,203,436.62
868,2025-03-07,Nord,Electronique,430,184.91
869,2025-03-07,Nord,Alimentaire,440,177.02
870,2025-03-07,Sud,Cosmetique,338,455.22
871,2025-03-07,Ouest,Textile,149,320.26
872,2025-03-07,Centre,Cosmetique,343,538.89
873,2025-03-08,Sud,Alimentaire,177,330.97
874,2025-03-08,Sud,Alimentaire,449,377.15
875,2025-03-08,Est,Alimentaire,267,240.55
876,2025-03-08,Ouest,Mobilier,512,324.12
877,2025-03-09,Nord,Mobilier,46,269.17
878,2025-03-09,Centre,Electronique,507,725.05
879,2025-03-10,Nord,Alimentaire,492,272.0
880,2025-03-10,Est,Alimentaire,438,149.56
881,2025-03-11,Sud,Textile,519,275.06
882,2025-03-11,Sud,Electronique,302,358.35
883,2025-03-11,Ouest,Electronique,207,329.44
884,2025-03-12,Nord,Cosmetique,320,327.85
885,2025-03-12,Sud,Alimentaire,514,452.37
886,2025-03-12,Est,Textile,192,133.33
887,2025-03-12,Ouest,Cosmetique,599,358.67
888,2025-03-12,Centre,Mobilier,35,71.4
889,2025-03-13,Sud,Alimentaire,361,267.55
890,2025-03-13,Sud,Electronique,233,321.21
891,2025-03-13,Est,Alimentaire,112,286.33
892,2025-03-13,Ouest,Alimentaire,18,380.95
893,2025-03-13,Centre,Mobilier,528,708.01
894,2025-03-14,Est,Textile,310,200.05
895,2025-03-14,Centre,Textile,79,640.87
896,2025-03-15,Nord,Textile,235,215.27
897,2025-03-15,Est,Cosmetique,26,171.22
898,2025-03-15,Ouest,Textile,468,276.51
899,2025-03-15,Centre,Cosmetique,44,419.35
900,2025-03-16,Nord,Mobilier,58,196.83
901,2025-03-16,Sud,Alimentaire,458,168.39
902,2025-03-16,Sud,Cosmetique,150,189.45
903,2025-03-16,Ouest,Mobilier,552,291.98
904,2025-03-16,Centre,Cosmetique,261,353.77
905,2025-03-16,Centre,Mobilier,231,370.03
906,2025-03-17,Nord,Textile,230,434.1
907,2025-03-17,Est,Textile,335,108.54
908,2025-03-17,Ouest,Mobilier,452,373.64
909,2025-03-17,Centre,Electronique,217,438.7
910,2025-03-17,Centre,Mobilier,319,411.25
911,2025-03-18,Ouest,Cosmetique,152,198.28
912,2025-03-19,Nord,Mobilier,87,307.73
913,2025-03-19,Sud,Alimentaire,540,506.44
914,2025-03-19,Est,Electronique,156,173.37
915,2025-03-19,Centre,Mobilier,432,579.17
916,2025-03-20,Nord,Electronique,372,275.75
917,2025-03-20,Sud,Electronique,15,352.79
918,2025-03-20,Centre,Mobilier,173,218.44
919,2025-03-22,Nord,Mobilier,402,307.19
920,2025-03-22,Sud,Textile,438,571.21
921,2025-03-22,Est,Mobilier,194,52.91
922,2025-03-22,Centre,Mobilier,421,743.3
923,2025-03-23,Est,Textile,504,297.5
924,2025-03-24,Sud,Textile,216,303.68
925,2025-03-24,Sud,Alimentaire,55,315.69
926,2025-03-24,Est,Mobilier,208,277.36
927,2025-03-25,Nord,Cosmetique,37,393.05
928,2025-03-25,Sud,Electronique,374,314.38
929,2025-03-25,Sud,Textile,439,176.56
930,2025-03-25,Est,Mobilier,248,189.32
931,2025-03-25,Ouest,Cosmetique,542,193.02
932,2025-03-25,Centre,Electronique,63,730.63
933,2025-03-26,Sud,Mobilier,271,568.88
934,2025-03-26,Est,Cosmetique,241,221.87
935,2025-03-26,Centre,Electronique,149,115.74
936,2025-03-26,Centre,Cosmetique,390,134.79
937,2025-03-26,Centre,Textile,217,135.64
938,2025-03-26,Centre,Mobilier,86,89.92
939,2025-03-27,Nord,Cosmetique,40,403.22
940,2025-03-27,Est,Cosmetique,412,299.88
941,2025-03-28,Sud,Mobilier,460,518.28
942,2025-03-28,Ouest,Electronique,191,370.53
943,2025-03-28,Centre,Mobilier,114,683.04
944,2025-03-29,Sud,Cosmetique,501,676.07
945,2025-03-29,Ouest,Alimentaire,236,402.56
946,2025-03-30,Nord,Electronique,563,308.52
947,2025-03-30,Sud,Cosmetique,205,481.45
948,2025-03-30,Ouest,Alimentaire,187,318.08
949,2025-03-30,Centre,Electronique,9,891.52
950,2025-03-31,Sud,Textile,236,590.9
951,2025-03-31,Est,Mobilier,29,149.07
952,2025-03-31,Est,Electronique,491,106.7
953,2025-04-01,Nord,Electronique,508,358.43
954,2025-04-01,Est,Cosmetique,156,138.8
955,2025-04-01,Centre,Alimentaire,117,501.05
956,2025-04-02,Nord,Electronique,180,246.62
957,2025-04-02,Est,Mobilier,262,224.46
958,2025-04-02,Ouest,Electronique,21,84.21
959,2025-04-03,Nord,Electronique,257,370.08
960,2025-04-03,Sud,Cosmetique,175,258.21
961,2025-04-03,Sud,Electronique,134,280.93
962,2025-04-03,Sud,Alimentaire,279,313.84
963,2025-04-03,Est,Cosmetique,592,138.01
964,2025-04-04,Est,Textile,410,220.37
965,2025-04-04,Ouest,Textile,229,107.61
966,2025-04-04,Ouest,Cosmetique,108,169.32
967,2025-04-04,Centre,Alimentaire,14,456.73
968,2025-04-04,Centre,Cosmetique,523,505.61
969,2025-04-05,Nord,Cosmetique,350,260.6
970,2025-04-05,Sud,Cosmetique,484,364.2
971,2025-04-05,Sud,Cosmetique,372,329.2
972,2025-04-05,Centre,Electronique,308,279.26
973,2025-04-05,Centre,Mobilier,87,414.89
974,2025-04-05,Centre,Textile,183,289.71
975,2025-04-06,Nord,Alimentaire,58,418.6
976,2025-04-07,Est,Electronique,74,365.82
977,2025-04-08,Nord,Textile,319,172.32
978,2025-04-08,Nord,Mobilier,367,210.42
979,2025-04-08,Centre,Cosmetique,257,253.92
980,2025-04-09,Nord,Mobilier,279,315.02
981,2025-04-09,Centre,Textile,279,71.89
982,2025-04-10,Est,Textile,260,305.02
983,2025-04-10,Ouest,Electronique,502,344.7
984,2025-04-11,Sud,Electronique,131,448.66
985,2025-04-11,Est,Alimentaire,295,320.18
986,2025-04-12,Sud,Cosmetique,108,137.11
987,2025-04-12,Sud,Mobilier,187,213.28
988,2025-04-12,Sud,Cosmetique,87,157.68
989,2025-04-12,Est,Mobilier,175,281.76
990,2025-04-12,Ouest,Cosmetique,519,443.15
991,2025-04-12,Centre,Textile,481,199.03
992,2025-04-12,Centre,Textile,501,193.66
993,2025-04-12,Centre,Cosmetique,361,295.33
994,2025-04-12,Centre,Alimentaire,424,213.83
995,2025-04-13,Nord,Textile,304,315.64
996,2025-04-13,Centre,Alimentaire,192,200.37
997,2025-04-13,Centre,Textile,108,260.38
998,2025-04-13,Centre,Electronique,240,139.56
999,2025-04-13,Centre,Electronique,561,293.55
1000,2025-04-14,Nord,Cosmetique,198,161.06
1001,2025-04-14,Sud,Mobilier,223,772.81
1002,2025-04-14,Est,Electronique,454,161.93
1003,2025-04-14,Centre,Textile,518,440.14
1004,2025-04-14,Centre,Textile,320,434.54
1005,2025-04-15,Nord,Electronique,399,396.29
1006,2025-04-15,Sud,Electronique,48,327.19
1007,2025-04-15,Sud,Mobilier,407,237.88
1008,2025-04-15,Ouest,Electronique,526,93.3
1009,2025-04-15,Ouest,Cosmetique,508,124.26
1010,2025-04-15,Ouest,Mobilier,342,113.84
1011,2025-04-15,Centre,Electronique,155,238.72
1012,2025-04-16,Nord,Textile,290,403.32
1013,2025-04-16,Est,Electronique,138,195.12
1014,2025-04-16,Est,Cosmetique,457,32.32
1015,2025-04-16,Ouest,Cosmetique,411,464.35
1016,2025-04-17,Ouest,Textile,210,513.92
1017,2025-04-18,Nord,Mobilier,435,473.93
1018,2025-04-18,Ouest,Textile,209,372.5
1019,2025-04-18,Centre,Electronique,509,604.35
1020,2025-04-19,Ouest,Textile,395,197.31
1021,2025-04-19,Ouest,Mobilier,223,207.3
1022,2025-04-19,Centre,Alimentaire,574,574.11
1023,2025-04-20,Nord,Textile,100,193.93
1024,2025-04-20,Sud,Mobilier,518,149.95
1025,2025-04-20,Sud,Alimentaire,21,208.44
1026,2025-04-20,Sud,Mobilier,466,194.01
1027,2025-04-20,Ouest,Mobilier,264,643.92
1028,2025-04-21,Sud,Alimentaire,570,448.54
1029,2025-04-21,Est,Textile,177,345.23
1030,2025-04-22,Sud,Alimentaire,194,509.86
1031,2025-04-22,Est,Textile,131,132.42
1032,2025-04-22,Ouest,Mobilier,133,522.06
1033,2025-04-22,Centre,Textile,319,535.36
1034,2025-04-23,Nord,Cosmetique,383,327.78
1035,2025-04-23,Sud,Alimentaire,129,651.52
1036,2025-04-23,Centre,Alimentaire,165,278.85
1037,2025-04-23,Centre,Electronique,557,290.76
1038,2025-04-23,Centre,Mobilier,5,405.98
1039,2025-04-24,Sud,Mobilier,543,313.18
1040,2025-04-24,Est,Textile,562,364.94
1041,2025-04-24,Ouest,Cosmetique,591,566.4
1042,2025-04-24,Centre,Mobilier,497,251.59
1043,2025-04-24,Centre,Cosmetique,345,358.66
1044,2025-04-25,Sud,Electronique,349,331.29
1045,2025-04-25,Ouest,Alimentaire,484,369.67
1046,2025-04-25,Centre,Cosmetique,423,320.57
1047,2025-04-25,Centre,Mobilier,277,298.25
1048,2025-04-26,Nord,Alimentaire,366,449.74
1049,2025-04-26,Est,Cosmetique,577,118.58
1050,2025-04-26,Ouest,Cosmetique,598,482.03
1051,2025-04-26,Centre,Textile,419,230.45
1052,2025-04-26,Centre,Alimentaire,548,248.02
1053,2025-04-26,Centre,Cosmetique,185,157.97
1054,2025-04-27,Nord,Textile,509,417.27
1055,2025-04-27,Est,Mobilier,332,237.93
1056,2025-04-27,Ouest,Cosmetique,379,451.19
1057,2025-04-27,Centre,Textile,106,408.39
1058,2025-04-28,Est,Textile,74,200.08
1059,2025-04-28,Ouest,Alimentaire,224,420.04
1060,2025-04-28,Centre,Textile,97,303.23
1061,2025-04-28,Centre,Cosmetique,52,411.49
1062,2025-04-29,Sud,Electronique,24,362.2
1063,2025-04-29,Ouest,Mobilier,220,262.51
1064,2025-04-30,Nord,Cosmetique,288,181.3
1065,2025-04-30,Est,Cosmetique,127,317.62
1066,2025-04-30,Ouest,Mobilier,319,223.58
1067,2025-04-30,Centre,Mobilier,419,248.04
1068,2025-04-30,Centre,Textile,495,274.21
1069,2025-05-01,Nord,Cosmetique,561,520.52
1070,2025-05-01,Sud,Textile,74,225.1
1071,2025-05-01,Sud,Alimentaire,460,206.38
1072,2025-05-01,Sud,Textile,12,173.97
1073,2025-05-01,Ouest,Alimentaire,577,251.47
1074,2025-05-01,Centre,Electronique,554,441.94
1075,2025-05-02,Nord,Cosmetique,63,489.67
1076,2025-05-02,Sud,Alimentaire,315,221.4
1077,2025-05-02,Sud,Electronique,294,176.36
1078,2025-05-02,Sud,Mobilier,481,247.01
1079,2025-05-02,Sud,Textile,267,129.68
1080,2025-05-02,Est,Electronique,431,231.16
1081,2025-05-02,Ouest,Alimentaire,66,256.49
1082,2025-05-02,Centre,Cosmetique,220,497.02
1083,2025-05-03,Sud,Mobilier,189,339.09
1084,2025-05-03,Sud,Mobilier,382,395.23
1085,2025-05-03,Est,Electronique,419,116.27
1086,2025-05-03,Est,Electronique,455,58.12
1087,2025-05-03,Est,Textile,332,61.85
1088,2025-05-04,Sud,Mobilier,456,830.12
1089,2025-05-04,Est,Mobilier,292,276.86
1090,2025-05-04,Ouest,Textile,243,209.43
1091,2025-05-04,Ouest,Cosmetique,190,186.61
1092,2025-05-04,Centre,Textile,427,242.25
1093,2025-05-04,Centre,Alimentaire,528,162.05
1094,2025-05-04,Centre,Alimentaire,350,231.78
1095,2025-05-05,Nord,Electronique,249,345.2
1096,2025-05-05,Ouest,Textile,317,285.01
1097,2025-05-05,Centre,Textile,119,924.38
1098,2025-05-06,Sud,Electronique,85,557.41
1099,2025-05-06,Ouest,Cosmetique,350,198.64
1100,2025-05-06,Ouest,Textile,197,113.58
1101,2025-05-07,Est,Mobilier,566,178.56
1102,2025-05-08,Sud,Textile,398,596.32
1103,2025-05-08,Centre,Cosmetique,288,264.51
1104,2025-05-08,Centre,Textile,95,232.73
1105,2025-05-09,Nord,Mobilier,565,313.15
1106,2025-05-09,Est,Alimentaire,526,248.45
1107,2025-05-09,Centre,Alimentaire,57,801.05
1108,2025-05-10,Ouest,Cosmetique,516,271.02
1109,2025-05-10,Centre,Cosmetique,216,174.57
1110,2025-05-10,Centre,Mobilier,508,137.7
1111,2025-05-10,Centre,Alimentaire,413,225.78
1112,2025-05-10,Centre,Alimentaire,21,165.18
1113,2025-05-11,Nord,Alimentaire,548,306.79
1114,2025-05-11,Nord,Alimentaire,246,267.34
1115,2025-05-11,Est,Mobilier,397,177.28
1116,2025-05-11,Ouest,Cosmetique,216,490.94
1117,2025-05-11,Centre,Cosmetique,277,182.44
1118,2025-05-11,Centre,Electronique,448,179.54
1119,2025-05-11,Centre,Cosmetique,320,195.23
1120,2025-05-12,Nord,Alimentaire,161,383.56
1121,2025-05-12,Sud,Textile,150,269.84
1122,2025-05-12,Sud,Alimentaire,29,196.91
1123,2025-05-12,Sud,Alimentaire,31,189.91
1124,2025-05-12,Est,Cosmetique,110,230.34
1125,2025-05-12,Ouest,Electronique,465,418.93
1126,2025-05-12,Centre,Mobilier,249,404.01
1127,2025-05-12,Centre,Textile,399,456.76
1128,2025-05-13,Nord,Textile,136,319.76
1129,2025-05-13,Sud,Electronique,576,354.46
1130,2025-05-13,Sud,Alimentaire,582,438.25
1131,2025-05-13,Est,Mobilier,81,99.51
1132,2025-05-14,Nord,Mobilier,361,408.91
1133,2025-05-14,Centre,Mobilier,105,769.23
1134,2025-05-15,Nord,Cosmetique,235,264.81
1135,2025-05-15,Sud,Alimentaire,335,412.36
1136,2025-05-15,Sud,Textile,308,385.92
1137,2025-05-15,Centre,Textile,344,476.62
1138,2025-05-15,Centre,Alimentaire,524,473.73
1139,2025-05-16,Nord,Textile,3,233.86
1140,2025-05-16,Sud,Cosmetique,234,433.1
1141,2025-05-16,Est,Mobilier,21,203.12
1142,2025-05-16,Est,Textile,447,79.67
1143,2025-05-16,Centre,Cosmetique,118,384.88
1144,2025-05-17,Sud,Mobilier,186,516.28
1145,2025-05-17,Sud,Alimentaire,215,571.56
1146,2025-05-17,Est,Alimentaire,117,294.05
1147,2025-05-17,Ouest,Cosmetique,293,233.22
1148,2025-05-17,Centre,Cosmetique,110,413.09
1149,2025-05-17,Centre,Cosmetique,172,389.06
1150,2025-05-18,Nord,Textile,428,401.76
1151,2025-05-18,Sud,Alimentaire,67,328.91
1152,2025-05-18,Est,Textile,74,257.96
1153,2025-05-18,Ouest,Textile,159,556.53
1154,2025-05-18,Centre,Mobilier,92,399.89
1155,2025-05-19,Nord,Cosmetique,199,170.06
1156,2025-05-19,Est,Textile,475,139.59
1157,2025-05-19,Ouest,Mobilier,31,421.55
1158,2025-05-20,Est,Electronique,498,337.32
1159,2025-05-20,Ouest,Mobilier,127,303.15
1160,2025-05-20,Ouest,Electronique,202,310.52
1161,2025-05-20,Centre,Electronique,458,760.52
1162,2025-05-21,Nord,Electronique,244,358.98
1163,2025-05-21,Est,Electronique,202,315.16
1164,2025-05-22,Centre,Cosmetique,221,272.37
1165,2025-05-22,Centre,Textile,53,308.04
1166,2025-05-22,Centre,Textile,450,319.59
1167,2025-05-22,Centre,Electronique,558,217.59
1168,2025-05-23,Nord,Textile,178,230.68
1169,2025-05-23,Nord,Electronique,342,281.98
1170,2025-05-23,Nord,Textile,428,139.38
1171,2025-05-23,Sud,Mobilier,102,410.98
1172,2025-05-23,Est,Cosmetique,205,379.6
1173,2025-05-23,Ouest,Alimentaire,251,554.68
1174,2025-05-23,Centre,Electronique,528,377.7
1175,2025-05-23,Centre,Mobilier,293,386.8
1176,2025-05-24,Est,Mobilier,534,203.95
1177,2025-05-24,Ouest,Cosmetique,113,529.44
1178,2025-05-24,Centre,Cosmetique,488,903.62
1179,2025-05-25,Nord,Electronique,14,310.19
1180,2025-05-25,Sud,Electronique,260,331.93
1181,2025-05-25,Sud,Mobilier,137,346.53
1182,2025-05-25,Ouest,Mobilier,278,460.07
1183,2025-05-26,Sud,Cosmetique,277,291.1
1184,2025-05-26,Sud,Electronique,553,405.38
1185,2025-05-26,Est,Electronique,192,338.61
1186,2025-05-27,Sud,Mobilier,567,662.09
1187,2025-05-27,Est,Alimentaire,455,163.1
1188,2025-05-27,Ouest,Mobilier,265,457.9
1189,2025-05-27,Ouest,Alimentaire,271,315.26
1190,2025-05-28,Nord,Electronique,579,295.95
1191,2025-05-28,Est,Mobilier,292,157.76
1192,2025-05-28,Centre,Cosmetique,271,323.96
1193,2025-05-28,Centre,Textile,134,379.19
1194,2025-05-29,Sud,Electronique,444,669.36
1195,2025-05-29,Ouest,Electronique,250,384.15
1196,2025-05-30,Nord,Mobilier,131,246.73
1197,2025-05-30,Est,Textile,20,194.01
1198,2025-05-30,Ouest,Textile,437,219.2
1199,2025-05-31,Nord,Textile,526,201.36
1200,2025-05-31,Nord,Mobilier,280,248.74
1201,2025-05-31,Sud,Mobilier,355,838.93
1202,2025-05-31,Est,Alimentaire,146,180.47
1203,2025-05-31,Ouest,Alimentaire,581,517.51
1204,2025-06-01,Est,Alimentaire,482,182.21
1205,2025-06-02,Est,Cosmetique,234,121.98
1206,2025-06-02,Ouest,Electronique,7,520.38
1207,2025-06-02,Centre,Alimentaire,106,551.4
1208,2025-06-02,Centre,Cosmetique,13,637.81
1209,2025-06-03,Ouest,Cosmetique,77,624.9
1210,2025-06-04,Sud,Mobilier,177,265.89
1211,2025-06-05,Sud,Textile,381,791.06
1212,2025-06-05,Ouest,Textile,340,132.84
1213,2025-06-05,Ouest,Alimentaire,41,205.91
1214,2025-06-05,Ouest,Electronique,304,84.19
1215,2025-06-06,Sud,Electronique,156,127.77
1216,2025-06-06,Sud,Electronique,184,164.83
1217,2025-06-06,Sud,Cosmetique,195,161.05
1218,2025-06-06,Centre,Cosmetique,290,568.34
1219,2025-06-07,Sud,Cosmetique,593,884.95
1220,2025-06-07,Est,Mobilier,82,83.38
1221,2025-06-07,Ouest,Cosmetique,479,383.15
1222,2025-06-07,Centre,Electronique,99,272.8
1223,2025-06-07,Centre,Electronique,457,249.99
1224,2025-06-08,Nord,Textile,346,252.08
1225,2025-06-08,Nord,Electronique,78,296.83
1226,2025-06-08,Sud,Cosmetique,375,174.0
1227,2025-06-08,Sud,Cosmetique,533,281.97
1228,2025-06-08,Sud,Alimentaire,522,142.62
1229,2025-06-08,Sud,Mobilier,598,221.35
1230,2025-06-08,Ouest,Electronique,221,549.14
1231,2025-06-09,Nord,Mobilier,516,256.26
1232,2025-06-09,Sud,Electronique,441,612.56
1233,2025-06-10,Nord,Textile,67,317.13
1234,2025-06-10,Sud,Textile,477,323.03
1235,2025-06-10,Sud,Mobilier,122,288.29
1236,2025-06-10,Sud,Cosmetique,98,324.7
1237,2025-06-10,Ouest,Alimentaire,19,572.34
1238,2025-06-10,Centre,Electronique,337,157.1
1239,2025-06-10,Centre,Electronique,121,160.03
1240,2025-06-10,Centre,Alimentaire,568,251.94
1241,2025-06-11,Sud,Mobilier,333,143.22
1242,2025-06-11,Centre,Mobilier,279,351.58
1243,2025-06-11,Centre,Electronique,198,327.16
1244,2025-06-11,Centre,Textile,64,295.52
1245,2025-06-11,Centre,Alimentaire,290,287.67
1246,2025-06-12,Nord,Electronique,443,361.18
1247,2025-06-12,Est,Textile,161,355.14
1248,2025-06-13,Nord,Mobilier,15,503.33
1249,2025-06-13,Sud,Textile,469,280.94
1250,2025-06-13,Sud,Cosmetique,97,249.28
1251,2025-06-13,Sud,Electronique,309,216.33
1252,2025-06-13,Sud,Alimentaire,245,262.15
1253,2025-06-13,Est,Textile,66,329.19
1254,2025-06-13,Ouest,Mobilier,218,434.93
1255,2025-06-13,Centre,Textile,469,586.15
1256,2025-06-14,Nord,Mobilier,547,206.97
1257,2025-06-14,Nord,Cosmetique,298,166.61
1258,2025-06-14,Sud,Mobilier,143,195.51
1259,2025-06-14,Sud,Alimentaire,32,238.96
1260,2025-06-14,Est,Cosmetique,582,163.96
1261,2025-06-14,Ouest,Textile,226,147.64
1262,2025-06-14,Ouest,Electronique,260,186.52
1263,2025-06-14,Centre,Mobilier,103,420.2
1264,2025-06-15,Nord,Alimentaire,67,59.79
1265,2025-06-15,Sud,Electronique,192,786.86
1266,2025-06-15,Est,Electronique,245,304.01
1267,2025-06-16,Sud,Cosmetique,160,667.13
1268,2025-06-16,Est,Textile,531,247.05
1269,2025-06-16,Ouest,Electronique,456,411.47
1270,2025-06-16,Centre,Alimentaire,176,830.07
1271,2025-06-17,Est,Mobilier,537,252.36
1272,2025-06-17,Ouest,Mobilier,389,247.27
1273,2025-06-17,Centre,Mobilier,134,988.63
1274,2025-06-18,Centre,Cosmetique,79,437.39
1275,2025-06-18,Centre,Alimentaire,156,370.42
1276,2025-06-19,Nord,Electronique,466,348.59
1277,2025-06-19,Sud,Alimentaire,251,469.38
1278,2025-06-19,Sud,Cosmetique,130,507.36
1279,2025-06-19,Est,Cosmetique,482,198.39
1280,2025-06-19,Centre,Textile,172,387.39
1281,2025-06-20,Sud,Alimentaire,294,504.3
1282,2025-06-20,Ouest,Mobilier,291,243.96
1283,2025-06-20,Ouest,Cosmetique,45,64.19
1284,2025-06-20,Ouest,Cosmetique,268,251.13
1285,2025-06-20,Centre,Textile,438,767.39
1286,2025-06-21,Centre,Mobilier,432,345.92
1287,2025-06-21,Centre,Cosmetique,509,386.64
1288,2025-06-21,Centre,Electronique,447,289.25
1289,2025-06-22,Nord,Mobilier,70,546.0
1290,2025-06-23,Nord,Alimentaire,458,353.16
1291,2025-06-23,Nord,Textile,29,239.07
1292,2025-06-23,Est,Electronique,109,293.22
1293,2025-06-23,Ouest,Electronique,509,417.15
1294,2025-06-25,Sud,Alimentaire,295,297.54
1295,2025-06-25,Sud,Textile,269,261.54
1296,2025-06-25,Centre,Cosmetique,318,445.56
1297,2025-06-25,Centre,Textile,482,447.05
1298,2025-06-26,Nord,Cosmetique,335,397.64
1299,2025-06-26,Est,Alimentaire,296,288.66
1300,2025-06-26,Ouest,Alimentaire,238,144.75
1301,2025-06-26,Ouest,Electronique,303,107.54
1302,2025-06-26,Centre,Electronique,436,809.22
1303,2025-06-27,Nord,Electronique,438,371.04
1304,2025-06-27,Sud,Alimentaire,302,396.47
1305,2025-06-27,Est,Cosmetique,301,29.58
1306,2025-06-27,Est,Alimentaire,463,71.79
1307,2025-06-27,Ouest,Alimentaire,421,454.02
1308,2025-06-28,Est,Electronique,107,326.47
1309,2025-06-28,Ouest,Textile,242,301.1
1310,2025-06-28,Centre,Electronique,345,210.58
1311,2025-06-28,Centre,Textile,518,254.85
1312,2025-06-28,Centre,Cosmetique,414,313.72
1313,2025-06-29,Sud,Cosmetique,435,207.76
1314,2025-06-29,Sud,Mobilier,273,145.07
1315,2025-06-29,Sud,Mobilier,545,148.9
1316,2025-06-29,Sud,Mobilier,497,169.57
1317,2025-06-29,Sud,Cosmetique,241,205.79
1318,2025-06-29,Est,Electronique,450,10.0
1319,2025-06-29,Est,Electronique,537,10.0
1320,2025-06-29,Est,Electronique,334,148.51
1321,2025-06-29,Est,Alimentaire,565,128.49
1322,2025-06-29,Ouest,Mobilier,595,127.25
1323,2025-06-29,Centre,Electronique,237,571.53
1324,2025-06-30,Sud,Mobilier,450,389.81
1325,2025-06-30,Est,Mobilier,254,252.6
1326,2025-07-01,Nord,Alimentaire,283,534.38
1327,2025-07-01,Est,Cosmetique,544,344.22
1328,2025-07-02,Nord,Electronique,507,335.14
1329,2025-07-02,Sud,Alimentaire,427,584.99
1330,2025-07-02,Ouest,Cosmetique,221,455.52
1331,2025-07-03,Nord,Cosmetique,38,400.02
1332,2025-07-03,Sud,Electronique,214,653.02
1333,2025-07-03,Est,Mobilier,362,234.83
1334,2025-07-03,Ouest,Textile,78,464.34
1335,2025-07-04,Ouest,Mobilier,559,498.92
1336,2025-07-05,Nord,Mobilier,403,385.48
1337,2025-07-05,Est,Textile,227,360.89
1338,2025-07-05,Ouest,Cosmetique,53,421.1
1339,2025-07-05,Centre,Textile,486,613.91
1340,2025-07-06,Sud,Textile,235,378.49
1341,2025-07-06,Sud,Alimentaire,82,493.34
1342,2025-07-06,Ouest,Alimentaire,583,244.62
1343,2025-07-06,Ouest,Alimentaire,562,268.4
1344,2025-07-08,Nord,Cosmetique,597,400.53
1345,2025-07-08,Sud,Textile,160,35.58
1346,2025-07-08,Sud,Electronique,379,112.69
1347,2025-07-08,Est,Textile,367,342.39
1348,2025-07-08,Ouest,Cosmetique,83,292.26
1349,2025-07-09,Nord,Alimentaire,399,579.4
1350,2025-07-09,Sud,Cosmetique,268,369.33
1351,2025-07-09,Sud,Alimentaire,571,348.13
1352,2025-07-09,Est,Cosmetique,87,131.63
1353,2025-07-10,Sud,Electronique,334,628.22
1354,2025-07-10,Sud,Alimentaire,538,604.12
1355,2025-07-10,Est,Alimentaire,573,240.52
1356,2025-07-10,Ouest,Textile,453,383.0
1357,2025-07-11,Sud,Cosmetique,106,997.79
1358,2025-07-11,Est,Mobilier,438,10.0
1359,2025-07-11,Ouest,Mobilier,20,334.32
1360,2025-07-12,Est,Textile,278,183.63
1361,2025-07-12,Centre,Cosmetique,187,228.09
1362,2025-07-12,Centre,Electronique,498,164.46
1363,2025-07-12,Centre,Textile,449,175.72
1364,2025-07-12,Centre,Alimentaire,181,142.34
1365,2025-07-13,Sud,Electronique,355,539.34
1366,2025-07-13,Est,Cosmetique,222,96.18
1367,2025-07-14,Nord,Alimentaire,512,416.97
1368,2025-07-16,Nord,Mobilier,390,117.19
1369,2025-07-16,Sud,Cosmetique,280,693.36
1370,2025-07-16,Est,Alimentaire,189,200.54
1371,2025-07-16,Ouest,Cosmetique,549,391.35
1372,2025-07-17,Nord,Alimentaire,406,388.97
1373,2025-07-17,Sud,Cosmetique,336,275.19
1374,2025-07-17,Sud,Mobilier,228,265.02
1375,2025-07-18,Nord,Textile,474,830.05
1376,2025-07-18,Sud,Alimentaire,73,580.88
1377,2025-07-19,Nord,Alimentaire,435,354.32
1378,2025-07-19,Est,Mobilier,204,158.56
1379,2025-07-19,Ouest,Textile,478,330.43
1380,2025-07-19,Ouest,Cosmetique,440,317.09
1381,2025-07-19,Centre,Alimentaire,420,300.32
1382,2025-07-19,Centre,Textile,571,182.38
1383,2025-07-19,Centre,Cosmetique,90,323.25
1384,2025-07-20,Nord,Alimentaire,289,314.64
1385,2025-07-20,Sud,Alimentaire,140,835.67
1386,2025-07-20,Centre,Cosmetique,111,417.18
1387,2025-07-20,Centre,Mobilier,509,408.32
1388,2025-07-21,Sud,Textile,287,232.03
1389,2025-07-21,Sud,Alimentaire,155,160.83
1390,2025-07-21,Sud,Cosmetique,339,148.26
1391,2025-07-21,Sud,Alimentaire,512,226.41
1392,2025-07-21,Ouest,Cosmetique,176,417.24
1393,2025-07-21,Centre,Alimentaire,281,477.21
1394,2025-07-21,Centre,Electronique,58,421.21
1395,2025-07-22,Nord,Mobilier,252,458.99
1396,2025-07-22,Sud,Textile,7,1060.68
1397,2025-07-22,Est,Mobilier,150,249.54
1398,2025-07-23,Est,Mobilier,500,373.74
1399,2025-07-24,Sud,Textile,167,304.95
1400,2025-07-24,Sud,Mobilier,343,330.57
1401,2025-07-24,Est,Electronique,314,277.98
1402,2025-07-24,Ouest,Cosmetique,495,438.86
1403,2025-07-26,Nord,Textile,446,446.49
1404,2025-07-26,Ouest,Cosmetique,498,684.81
1405,2025-07-27,Est,Alimentaire,590,194.57
1406,2025-07-28,Sud,Electronique,339,209.55
1407,2025-07-28,Sud,Cosmetique,325,173.91
1408,2025-07-28,Sud,Cosmetique,306,256.9
1409,2025-07-28,Sud,Textile,570,199.19
1410,2025-07-28,Est,Alimentaire,47,325.7
1411,2025-07-28,Ouest,Textile,66,208.18
1412,2025-07-28,Ouest,Alimentaire,179,113.27
1413,2025-07-28,Ouest,Textile,201,227.09
1414,2025-07-28,Centre,Cosmetique,176,995.98
1415,2025-07-29,Ouest,Cosmetique,112,354.67
1416,2025-07-29,Ouest,Electronique,295,204.43
1417,2025-07-30,Nord,Cosmetique,210,332.09
1418,2025-07-30,Est,Mobilier,51,320.15
1419,2025-07-31,Sud,Cosmetique,213,692.53
1420,2025-07-31,Est,Mobilier,578,152.12
1421,2025-07-31,Ouest,Cosmetique,498,327.95
1422,2025-08-01,Nord,Mobilier,323,400.46
1423,2025-08-01,Sud,Mobilier,27,396.01
1424,2025-08-01,Sud,Cosmetique,597,414.91
1425,2025-08-01,Est,Mobilier,328,386.97
1426,2025-08-01,Centre,Electronique,595,155.0
1427,2025-08-01,Centre,Alimentaire,419,212.46
1428,2025-08-02,Nord,Mobilier,2,270.65
1429,2025-08-02,Sud,Mobilier,107,638.28
1430,2025-08-02,Est,Electronique,597,265.99
1431,2025-08-02,Ouest,Electronique,393,552.46
1432,2025-08-03,Ouest,Textile,131,321.78
1433,2025-08-04,Sud,Alimentaire,11,461.94
1434,2025-08-04,Est,Textile,512,265.49
1435,2025-08-05,Nord,Mobilier,374,447.7
1436,2025-08-05,Sud,Electronique,304,416.78
1437,2025-08-05,Sud,Mobilier,331,386.69
1438,2025-08-05,Est,Cosmetique,485,156.0
1439,2025-08-05,Centre,Alimentaire,443,458.94
1440,2025-08-05,Centre,Cosmetique,582,476.14
1441,2025-08-07,Nord,Electronique,262,170.76
1442,2025-08-07,Centre,Electronique,210,190.46
1443,2025-08-08,Nord,Electronique,150,156.11
1444,2025-08-08,Nord,Alimentaire,397,155.29
1445,2025-08-08,Nord,Textile,402,142.14
1446,2025-08-08,Sud,Mobilier,270,191.31
1447,2025-08-08,Sud,Mobilier,114,112.21
1448,2025-08-08,Sud,Mobilier,441,185.09
1449,2025-08-08,Est,Mobilier,158,84.72
1450,2025-08-08,Est,Mobilier,441,69.2
1451,2025-08-08,Est,Textile,585,145.16
1452,2025-08-09,Sud,Cosmetique,98,455.47
1453,2025-08-09,Est,Alimentaire,140,291.89
1454,2025-08-09,Centre,Cosmetique,417,340.17
1455,2025-08-10,Nord,Cosmetique,215,222.03
1456,2025-08-10,Sud,Mobilier,366,804.86
1457,2025-08-10,Est,Mobilier,200,150.02
1458,2025-08-10,Est,Textile,525,244.58
1459,2025-08-10,Centre,Alimentaire,293,290.03
1460,2025-08-10,Centre,Electronique,334,423.03
1461,2025-08-11,Nord,Cosmetique,454,98.11
1462,2025-08-11,Nord,Electronique,83,140.05
1463,2025-08-11,Nord,Alimentaire,543,172.27
1464,2025-08-11,Sud,Cosmetique,464,580.98
1465,2025-08-11,Ouest,Electronique,75,353.94
1466,2025-08-11,Centre,Electronique,411,609.05
1467,2025-08-12,Ouest,Textile,263,312.61
1468,2025-08-13,Nord,Alimentaire,102,296.56
1469,2025-08-13,Sud,Alimentaire,410,464.34
1470,2025-08-13,Est,Alimentaire,337,184.35
1471,2025-08-13,Est,Cosmetique,48,48.23
1472,2025-08-13,Ouest,Textile,180,518.2
1473,2025-08-14,Nord,Mobilier,136,356.32
1474,2025-08-14,Sud,Cosmetique,123,96.34
1475,2025-08-14,Sud,Alimentaire,136,55.7
1476,2025-08-14,Est,Cosmetique,326,335.43
1477,2025-08-14,Centre,Electronique,441,635.86
1478,2025-08-15,Nord,Cosmetique,110,307.22
1479,2025-08-15,Est,Cosmetique,46,141.67
1480,2025-08-16,Ouest,Alimentaire,514,590.0
1481,2025-08-16,Centre,Electronique,571,946.58
1482,2025-08-17,Nord,Alimentaire,503,286.86
1483,2025-08-17,Sud,Electronique,146,107.45
1484,2025-08-17,Sud,Electronique,86,170.95
1485,2025-08-17,Sud,Electronique,16,122.41
1486,2025-08-17,Sud,Alimentaire,395,170.02
1487,2025-08-17,Sud,Electronique,162,141.66
1488,2025-08-17,Ouest,Textile,561,197.82
1489,2025-08-17,Ouest,Textile,312,233.02
1490,2025-08-17,Centre,Mobilier,519,340.01
1491,2025-08-17,Centre,Textile,478,346.89
1492,2025-08-19,Nord,Mobilier,225,325.81
1493,2025-08-19,Ouest,Textile,534,304.76
1494,2025-08-19,Ouest,Alimentaire,590,195.41
1495,2025-08-19,Ouest,Mobilier,231,250.79
1496,2025-08-19,Centre,Cosmetique,10,702.66
1497,2025-08-20,Nord,Cosmetique,21,512.28
1498,2025-08-20,Est,Textile,396,212.72
1499,2025-08-20,Ouest,Cosmetique,220,234.96
1500,2025-08-20,Centre,Textile,440,760.7
1501,2025-08-21,Nord,Textile,60,399.75
1502,2025-08-21,Est,Cosmetique,158,107.2
1503,2025-08-21,Centre,Cosmetique,309,295.29
1504,2025-08-21,Centre,Electronique,185,414.8
1505,2025-08-22,Nord,Mobilier,277,210.27
1506,2025-08-22,Nord,Textile,202,144.79
1507,2025-08-22,Sud,Cosmetique,142,638.19
1508,2025-08-23,Sud,Mobilier,311,577.11
1509,2025-08-23,Est,Cosmetique,576,200.26
1510,2025-08-23,Centre,Cosmetique,68,825.65
1511,2025-08-25,Nord,Electronique,339,458.24
1512,2025-08-25,Est,Textile,427,136.94
1513,2025-08-26,Sud,Textile,153,206.98
1514,2025-08-26,Sud,Alimentaire,21,294.53
1515,2025-08-26,Sud,Electronique,319,400.23
1516,2025-08-26,Ouest,Mobilier,152,561.02
1517,2025-08-27,Sud,Electronique,291,299.44
1518,2025-08-27,Sud,Mobilier,278,337.7
1519,2025-08-27,Centre,Textile,214,542.42
1520,2025-08-28,Nord,Alimentaire,535,230.09
1521,2025-08-28,Nord,Alimentaire,41,187.53
1522,2025-08-28,Sud,Textile,436,884.83
1523,2025-08-28,Ouest,Cosmetique,445,575.04
1524,2025-08-29,Sud,Electronique,161,855.28
1525,2025-08-29,Est,Alimentaire,291,89.75
1526,2025-08-29,Ouest,Cosmetique,375,566.39
1527,2025-08-29,Centre,Mobilier,264,500.0
1528,2025-08-30,Sud,Alimentaire,115,763.41
1529,2025-08-30,Est,Mobilier,160,99.88
1530,2025-08-30,Ouest,Cosmetique,556,162.51
1531,2025-08-30,Ouest,Mobilier,88,193.83
1532,2025-08-31,Nord,Cosmetique,510,422.07
1533,2025-08-31,Sud,Mobilier,56,581.52
1534,2025-08-31,Est,Electronique,600,199.13
1535,2025-08-31,Ouest,Alimentaire,231,406.89
1536,2025-08-31,Centre,Alimentaire,320,747.99
1537,2025-09-01,Nord,Cosmetique,598,214.19
1538,2025-09-01,Est,Mobilier,203,103.89
1539,2025-09-01,Ouest,Textile,418,251.92
1540,2025-09-02,Nord,Alimentaire,392,434.8
1541,2025-09-02,Sud,Mobilier,14,811.1
1542,2025-09-03,Sud,Mobilier,582,735.51
1543,2025-09-03,Centre,Electronique,53,658.43
1544,2025-09-04,Nord,Textile,18,288.51
1545,2025-09-04,Sud,Alimentaire,243,498.35
1546,2025-09-04,Est,Electronique,208,175.86
1547,2025-09-04,Ouest,Textile,220,478.3
1548,2025-09-05,Nord,Alimentaire,447,200.56
1549,2025-09-05,Sud,Electronique,158,514.16
1550,2025-09-05,Ouest,Textile,434,288.96
1551,2025-09-05,Centre,Alimentaire,195,218.93
1552,2025-09-05,Centre,Textile,588,292.29
1553,2025-09-06,Sud,Mobilier,31,310.2
1554,2025-09-06,Sud,Cosmetique,381,300.84
1555,2025-09-06,Ouest,Cosmetique,590,384.53
1556,2025-09-06,Centre,Mobilier,483,273.84
1557,2025-09-06,Centre,Textile,42,402.14
1558,2025-09-07,Est,Mobilier,121,200.6
1559,2025-09-07,Ouest,Cosmetique,309,325.31
1560,2025-09-08,Est,Cosmetique,559,251.41
1561,2025-09-09,Nord,Textile,156,279.78
1562,2025-09-09,Sud,Cosmetique,198,324.53
1563,2025-09-09,Sud,Mobilier,228,395.57
1564,2025-09-09,Est,Textile,448,157.37
1565,2025-09-10,Nord,Mobilier,180,391.71
1566,2025-09-10,Sud,Textile,217,397.39
1567,2025-09-10,Centre,Cosmetique,386,259.14
1568,2025-09-11,Nord,Alimentaire,465,187.51
1569,2025-09-11,Sud,Textile,36,235.8
1570,2025-09-11,Est,Textile,102,188.18
1571,2025-09-11,Ouest,Alimentaire,545,386.34
1572,2025-09-12,Nord,Cosmetique,216,366.62
1573,2025-09-12,Sud,Mobilier,490,552.87
1574,2025-09-12,Centre,Electronique,38,343.62
1575,2025-09-13,Sud,Alimentaire,335,309.15
1576,2025-09-13,Ouest,Electronique,541,405.01
1577,2025-09-13,Centre,Cosmetique,403,278.91
1578,2025-09-13,Centre,Textile,587,217.61
1579,2025-09-14,Nord,Textile,360,194.75
1580,2025-09-14,Nord,Cosmetique,465,52.89
1581,2025-09-14,Nord,Mobilier,157,167.27
1582,2025-09-14,Est,Mobilier,96,145.96
1583,2025-09-14,Ouest,Cosmetique,258,510.96
1584,2025-09-15,Nord,Cosmetique,27,297.74
1585,2025-09-15,Sud,Cosmetique,472,455.78
1586,2025-09-15,Est,Cosmetique,50,264.99
1587,2025-09-15,Centre,Cosmetique,226,515.2
1588,2025-09-16,Nord,Cosmetique,230,403.15
1589,2025-09-16,Sud,Textile,144,678.11
1590,2025-09-16,Ouest,Electronique,596,384.7
1591,2025-09-17,Nord,Mobilier,266,431.51
1592,2025-09-17,Sud,Electronique,345,497.66
1593,2025-09-17,Centre,Textile,193,182.5
1594,2025-09-17,Centre,Alimentaire,266,172.45
1595,2025-09-17,Centre,Electronique,378,114.2
1596,2025-09-17,Centre,Alimentaire,438,155.82
1597,2025-09-18,Nord,Textile,525,312.55
1598,2025-09-18,Sud,Mobilier,106,353.16
1599,2025-09-18,Est,Alimentaire,479,106.68
1600,2025-09-18,Centre,Textile,309,782.76
1601,2025-09-19,Nord,Cosmetique,67,297.53
1602,2025-09-20,Nord,Mobilier,55,174.54
1603,2025-09-20,Ouest,Cosmetique,456,185.09
1604,2025-09-20,Centre,Mobilier,412,669.77
1605,2025-09-21,Nord,Mobilier,448,355.04
1606,2025-09-21,Est,Electronique,46,312.74
1607,2025-09-22,Nord,Mobilier,450,272.44
1608,2025-09-22,Sud,Electronique,555,184.47
1609,2025-09-22,Sud,Alimentaire,17,244.85
1610,2025-09-22,Est,Mobilier,566,182.5
1611,2025-09-22,Ouest,Alimentaire,488,120.22
1612,2025-09-22,Ouest,Mobilier,162,144.4
1613,2025-09-22,Ouest,Electronique,344,72.69
1614,2025-09-23,Ouest,Cosmetique,89,477.17
1615,2025-09-23,Centre,Mobilier,44,693.48
1616,2025-09-24,Est,Textile,513,363.99
1617,2025-09-24,Ouest,Cosmetique,464,428.23
1618,2025-09-24,Centre,Electronique,439,199.71
1619,2025-09-24,Centre,Textile,169,291.09
1620,2025-09-24,Centre,Alimentaire,582,246.36
1621,2025-09-25,Nord,Electronique,202,242.18
1622,2025-09-25,Centre,Cosmetique,378,278.01
1623,2025-09-26,Nord,Alimentaire,508,64.53
1624,2025-09-26,Nord,Alimentaire,1,115.88
1625,2025-09-26,Est,Electronique,445,223.54
1626,2025-09-26,Ouest,Cosmetique,281,643.44
1627,2025-09-26,Centre,Electronique,457,688.12
1628,2025-09-27,Nord,Textile,568,122.51
1629,2025-09-27,Sud,Textile,522,724.44
1630,2025-09-27,Est,Mobilier,446,205.12
1631,2025-09-28,Sud,Alimentaire,415,346.08
1632,2025-09-28,Sud,Mobilier,326,374.79
1633,2025-09-28,Ouest,Cosmetique,35,515.1
1634,2025-09-28,Centre,Textile,283,588.49
1635,2025-09-29,Nord,Mobilier,277,292.87
1636,2025-09-29,Sud,Textile,566,522.21
1637,2025-09-29,Est,Textile,284,143.77
1638,2025-09-29,Centre,Textile,409,824.85
1639,2025-09-30,Sud,Electronique,282,332.57
1640,2025-09-30,Sud,Mobilier,311,301.85
1641,2025-09-30,Est,Alimentaire,562,63.0
1642,2025-10-01,Nord,Mobilier,157,196.82
1643,2025-10-01,Sud,Alimentaire,433,474.62
1644,2025-10-01,Est,Mobilier,494,172.37
1645,2025-10-01,Ouest,Mobilier,170,388.14
1646,2025-10-02,Nord,Textile,148,218.6
1647,2025-10-02,Sud,Alimentaire,131,527.82
1648,2025-10-02,Centre,Alimentaire,335,365.22
1649,2025-10-03,Sud,Alimentaire,87,423.59
1650,2025-10-03,Ouest,Mobilier,515,327.93
1651,2025-10-04,Est,Alimentaire,491,281.63
1652,2025-10-04,Ouest,Mobilier,111,251.86
1653,2025-10-05,Ouest,Electronique,418,304.8
1654,2025-10-06,Sud,Textile,228,283.88
1655,2025-10-06,Sud,Cosmetique,237,258.97
1656,2025-10-06,Est,Electronique,415,200.11
1657,2025-10-07,Est,Alimentaire,375,317.82
1658,2025-10-07,Ouest,Textile,376,377.74
1659,2025-10-07,Centre,Textile,461,446.87
1660,2025-10-08,Nord,Textile,340,186.85
1661,2025-10-08,Sud,Textile,62,113.4
1662,2025-10-08,Sud,Alimentaire,136,324.14
1663,2025-10-08,Est,Textile,401,168.6
1664,2025-10-08,Ouest,Cosmetique,269,162.44
1665,2025-10-09,Nord,Cosmetique,430,308.27
1666,2025-10-09,Est,Textile,188,234.09
1667,2025-10-09,Ouest,Mobilier,392,260.07
1668,2025-10-09,Centre,Alimentaire,577,428.39
1669,2025-10-10,Nord,Cosmetique,223,276.37
1670,2025-10-10,Est,Cosmetique,24,92.89
1671,2025-10-10,Ouest,Cosmetique,29,160.76
1672,2025-10-11,Nord,Electronique,12,263.22
1673,2025-10-11,Sud,Electronique,483,101.14
1674,2025-10-11,Sud,Cosmetique,566,216.8
1675,2025-10-11,Sud,Mobilier,166,117.92
1676,2025-10-11,Centre,Alimentaire,121,442.72
1677,2025-10-12,Sud,Alimentaire,253,459.41
1678,2025-10-12,Ouest,Cosmetique,214,378.5
1679,2025-10-13,Nord,Cosmetique,165,290.14
1680,2025-10-13,Est,Alimentaire,589,36.24
1681,2025-10-13,Est,Mobilier,416,141.66
1682,2025-10-13,Ouest,Electronique,47,294.67
1683,2025-10-14,Nord,Electronique,249,274.8
1684,2025-10-14,Sud,Cosmetique,543,499.0
1685,2025-10-14,Est,Alimentaire,415,230.19
1686,2025-10-14,Ouest,Electronique,46,179.75
1687,2025-10-14,Centre,Mobilier,105,636.72
1688,2025-10-15,Sud,Cosmetique,374,211.89
1689,2025-10-15,Sud,Textile,112,284.69
1690,2025-10-15,Ouest,Cosmetique,476,327.31
1691,2025-10-16,Est,Textile,69,101.04
1692,2025-10-16,Ouest,Cosmetique,442,376.38
1693,2025-10-16,Centre,Alimentaire,537,376.67
1694,2025-10-16,Centre,Alimentaire,394,399.02
1695,2025-10-17,Nord,Alimentaire,553,83.32
1696,2025-10-17,Nord,Alimentaire,198,118.41
1697,2025-10-17,Sud,Mobilier,498,289.08
1698,2025-10-17,Centre,Mobilier,396,433.99
1699,2025-10-17,Centre,Textile,522,393.13
1700,2025-10-19,Nord,Mobilier,155,163.61
1701,2025-10-19,Sud,Cosmetique,286,237.75
1702,2025-10-19,Sud,Alimentaire,29,256.95
1703,2025-10-19,Ouest,Electronique,292,198.85
1704,2025-10-19,Ouest,Electronique,312,67.37
1705,2025-10-19,Centre,Electronique,409,186.17
1706,2025-10-20,Sud,Cosmetique,184,409.05
1707,2025-10-20,Est,Electronique,435,180.39
1708,2025-10-20,Centre,Electronique,526,468.53
1709,2025-10-21,Nord,Textile,392,312.45
1710,2025-10-21,Sud,Cosmetique,549,496.25
1711,2025-10-21,Est,Cosmetique,134,146.91
1712,2025-10-22,Nord,Electronique,346,284.64
1713,2025-10-22,Sud,Cosmetique,277,165.75
1714,2025-10-22,Sud,Textile,525,173.32
1715,2025-10-22,Ouest,Textile,585,284.4
1716,2025-10-22,Centre,Alimentaire,482,135.84
1717,2025-10-22,Centre,Textile,264,193.49
1718,2025-10-22,Centre,Alimentaire,554,118.36
1719,2025-10-23,Sud,Electronique,331,271.76
1720,2025-10-23,Sud,Alimentaire,577,290.67
1721,2025-10-23,Ouest,Alimentaire,377,160.76
1722,2025-10-23,Centre,Electronique,494,328.88
1723,2025-10-24,Nord,Alimentaire,392,303.76
1724,2025-10-24,Sud,Textile,209,121.54
1725,2025-10-24,Sud,Electronique,401,71.26
1726,2025-10-24,Ouest,Cosmetique,550,184.25
1727,2025-10-24,Ouest,Alimentaire,468,209.04
1728,2025-10-24,Centre,Textile,509,305.91
1729,2025-10-24,Centre,Cosmetique,598,282.24
1730,2025-10-24,Centre,Electronique,214,194.72
1731,2025-10-25,Sud,Electronique,170,359.48
1732,2025-10-25,Ouest,Electronique,43,389.75
1733,2025-10-26,Ouest,Textile,192,497.05
1734,2025-10-26,Centre,Cosmetique,25,599.35
1735,2025-10-27,Sud,Electronique,104,260.29
1736,2025-10-27,Sud,Textile,581,272.17
1737,2025-10-28,Ouest,Mobilier,544,399.68
1738,2025-10-28,Centre,Textile,179,524.86
1739,2025-10-29,Sud,Mobilier,101,438.95
1740,2025-10-30,Nord,Cosmetique,26,421.85
1741,2025-10-30,Est,Electronique,221,107.1
1742,2025-10-30,Est,Electronique,567,150.31
1743,2025-10-30,Centre,Alimentaire,410,478.9
1744,2025-10-31,Est,Electronique,565,100.07
1745,2025-10-31,Ouest,Cosmetique,447,284.12
1746,2025-10-31,Centre,Textile,458,178.43
1747,2025-11-01,Sud,Cosmetique,358,388.81
1748,2025-11-01,Ouest,Electronique,130,246.89
1749,2025-11-01,Centre,Textile,161,451.93
1750,2025-11-02,Nord,Cosmetique,414,238.43
1751,2025-11-02,Sud,Electronique,571,500.6
1752,2025-11-02,Ouest,Electronique,202,320.45
1753,2025-11-02,Centre,Electronique,244,249.76
1754,2025-11-03,Nord,Alimentaire,174,180.34
1755,2025-11-03,Sud,Alimentaire,18,303.97
1756,2025-11-03,Sud,Alimentaire,281,196.53
1757,2025-11-03,Est,Textile,357,223.31
1758,2025-11-04,Sud,Cosmetique,302,81.81
1759,2025-11-04,Est,Textile,9,186.22
1760,2025-11-05,Nord,Textile,372,210.13
1761,2025-11-05,Nord,Electronique,596,144.07
1762,2025-11-05,Nord,Mobilier,437,90.15
1763,2025-11-05,Sud,Mobilier,271,503.75
1764,2025-11-05,Est,Electronique,330,121.14
1765,2025-11-05,Ouest,Mobilier,364,243.83
1766,2025-11-05,Centre,Textile,304,374.7
1767,2025-11-06,Nord,Cosmetique,88,170.32
1768,2025-11-06,Sud,Alimentaire,550,257.83
1769,2025-11-06,Sud,Textile,349,214.74
1770,2025-11-06,Est,Textile,279,62.4
1771,2025-11-06,Ouest,Cosmetique,323,139.26
1772,2025-11-06,Centre,Mobilier,223,523.44
1773,2025-11-07,Nord,Cosmetique,479,223.02
1774,2025-11-07,Sud,Textile,118,616.58
1775,2025-11-07,Est,Electronique,431,14.4
1776,2025-11-07,Ouest,Electronique,597,239.38
1777,2025-11-07,Centre,Textile,272,266.53
1778,2025-11-08,Ouest,Electronique,243,345.45
1779,2025-11-08,Centre,Mobilier,554,312.75
1780,2025-11-08,Centre,Cosmetique,532,377.64
1781,2025-11-09,Nord,Alimentaire,313,155.0
1782,2025-11-09,Sud,Cosmetique,523,462.35
1783,2025-11-09,Centre,Alimentaire,488,213.48
1784,2025-11-09,Centre,Textile,515,148.28
1785,2025-11-09,Centre,Textile,409,143.44
1786,2025-11-10,Ouest,Alimentaire,454,413.84
1787,2025-11-11,Nord,Electronique,107,10.0
1788,2025-11-11,Centre,Textile,417,182.51
1789,2025-11-11,Centre,Mobilier,535,87.18
1790,2025-11-12,Nord,Mobilier,551,13.87
1791,2025-11-12,Sud,Mobilier,355,335.2
1792,2025-11-12,Est,Mobilier,154,98.05
1793,2025-11-12,Centre,Alimentaire,243,655.44
1794,2025-11-13,Nord,Electronique,467,99.18
1795,2025-11-13,Sud,Alimentaire,54,410.4
1796,2025-11-13,Ouest,Textile,337,274.72
1797,2025-11-13,Centre,Mobilier,272,455.76
1798,2025-11-14,Est,Mobilier,228,169.16
1799,2025-11-14,Ouest,Mobilier,384,230.73
1800,2025-11-14,Ouest,Textile,81,201.02
1801,2025-11-15,Sud,Cosmetique,382,267.27
1802,2025-11-16,Sud,Alimentaire,337,96.41
1803,2025-11-16,Sud,Electronique,496,202.09
1804,2025-11-16,Est,Textile,377,56.49
1805,2025-11-16,Ouest,Cosmetique,131,260.35
1806,2025-11-16,Centre,Cosmetique,15,156.66
1807,2025-11-16,Centre,Electronique,414,57.43
1808,2025-11-16,Centre,Textile,355,156.65
1809,2025-11-17,Nord,Cosmetique,352,171.29
1810,2025-11-17,Sud,Mobilier,93,445.19
1811,2025-11-17,Est,Electronique,27,87.49
1812,2025-11-17,Ouest,Mobilier,591,308.83
1813,2025-11-18,Est,Electronique,240,244.41
1814,2025-11-18,Ouest,Alimentaire,43,381.55
1815,2025-11-19,Nord,Alimentaire,233,278.46
1816,2025-11-19,Est,Textile,41,126.91
1817,2025-11-19,Ouest,Cosmetique,571,159.54
1818,2025-11-20,Nord,Mobilier,339,255.19
1819,2025-11-20,Sud,Cosmetique,327,466.69
1820,2025-11-20,Est,Alimentaire,93,130.38
1821,2025-11-21,Nord,Mobilier,157,67.08
1822,2025-11-21,Nord,Textile,55,65.65
1823,2025-11-21,Sud,Cosmetique,444,180.21
1824,2025-11-21,Sud,Electronique,259,118.29
1825,2025-11-21,Sud,Electronique,445,142.67
1826,2025-11-21,Centre,Mobilier,419,368.02
1827,2025-11-22,Sud,Electronique,405,229.93
1828,2025-11-22,Est,Electronique,511,115.47
1829,2025-11-22,Ouest,Alimentaire,284,293.55
1830,2025-11-23,Nord,Textile,16,248.6
1831,2025-11-23,Sud,Electronique,58,452.6
1832,2025-11-24,Est,Electronique,358,146.01
1833,2025-11-25,Nord,Cosmetique,531,266.73
1834,2025-11-25,Sud,Mobilier,570,67.5
1835,2025-11-25,Sud,Alimentaire,143,112.4
1836,2025-11-25,Sud,Mobilier,140,108.32
1837,2025-11-26,Sud,Cosmetique,47,186.31
1838,2025-11-26,Sud,Cosmetique,588,268.96
1839,2025-11-26,Est,Cosmetique,392,153.91
1840,2025-11-27,Nord,Electronique,431,164.94
1841,2025-11-27,Est,Mobilier,420,83.83
1842,2025-11-27,Ouest,Mobilier,75,241.28
1843,2025-11-28,Est,Mobilier,3,116.17
1844,2025-11-28,Ouest,Textile,201,214.2
1845,2025-11-28,Centre,Alimentaire,469,214.01
1846,2025-11-29,Sud,Electronique,207,451.82
1847,2025-11-29,Est,Alimentaire,463,155.47
1848,2025-11-29,Ouest,Electronique,183,237.88
1849,2025-11-30,Centre,Mobilier,32,538.88
1850,2025-12-01,Nord,Textile,88,365.63
1851,2025-12-01,Est,Textile,78,210.87
1852,2025-12-01,Ouest,Mobilier,592,471.84
1853,2025-12-02,Sud,Alimentaire,241,424.79
1854,2025-12-02,Est,Cosmetique,436,171.67
1855,2025-12-02,Ouest,Mobilier,567,168.48
1856,2025-12-03,Centre,Electronique,586,458.8
1857,2025-12-04,Est,Alimentaire,500,282.02
1858,2025-12-05,Sud,Cosmetique,540,317.96
1859,2025-12-05,Sud,Textile,310,380.81
1860,2025-12-05,Est,Electronique,431,374.33
1861,2025-12-05,Centre,Textile,297,667.0
1862,2025-12-05,Centre,Electronique,30,533.3
1863,2025-12-06,Nord,Cosmetique,120,123.85
1864,2025-12-06,Nord,Electronique,428,295.31
1865,2025-12-06,Sud,Cosmetique,340,257.04
1866,2025-12-06,Sud,Mobilier,481,210.22
1867,2025-12-06,Sud,Mobilier,93,209.42
1868,2025-12-06,Sud,Electronique,133,199.27
1869,2025-12-06,Est,Alimentaire,30,272.95
1870,2025-12-07,Est,Textile,77,158.11
1871,2025-12-07,Ouest,Electronique,329,351.08
1872,2025-12-07,Centre,Electronique,423,206.29
1873,2025-12-07,Centre,Textile,435,211.15
1874,2025-12-07,Centre,Electronique,212,203.17
1875,2025-12-08,Est,Textile,340,226.96
1876,2025-12-08,Ouest,Cosmetique,312,365.58
1877,2025-12-09,Nord,Alimentaire,523,298.75
1878,2025-12-09,Nord,Mobilier,191,216.22
1879,2025-12-09,Sud,Mobilier,596,645.96
1880,2025-12-11,Ouest,Alimentaire,287,312.66
1881,2025-12-11,Centre,Textile,335,1048.05
1882,2025-12-12,Sud,Alimentaire,210,648.94
1883,2025-12-13,Ouest,Textile,6,239.15
1884,2025-12-13,Centre,Alimentaire,486,712.74
1885,2025-12-14,Est,Electronique,569,119.29
1886,2025-12-14,Centre,Electronique,69,609.45
1887,2025-12-15,Nord,Alimentaire,258,274.34
1888,2025-12-15,Ouest,Cosmetique,165,188.24
1889,2025-12-15,Ouest,Alimentaire,277,242.82
1890,2025-12-15,Centre,Mobilier,519,951.72
1891,2025-12-16,Nord,Electronique,55,240.78
1892,2025-12-16,Nord,Alimentaire,542,214.36
1893,2025-12-16,Ouest,Mobilier,96,685.33
1894,2025-12-17,Est,Electronique,593,217.02
1895,2025-12-17,Ouest,Cosmetique,94,393.39
1896,2025-12-17,Centre,Cosmetique,526,474.64
1897,2025-12-17,Centre,Mobilier,192,485.68
1898,2025-12-18,Sud,Alimentaire,68,71.4
1899,2025-12-18,Sud,Electronique,559,173.35
1900,2025-12-18,Sud,Cosmetique,3,125.15
1901,2025-12-18,Est,Mobilier,464,160.46
1902,2025-12-18,Centre,Textile,560,908.31
1903,2025-12-19,Nord,Alimentaire,361,351.54
1904,2025-12-19,Sud,Textile,366,614.83
1905,2025-12-19,Ouest,Alimentaire,528,294.61
1906,2025-12-19,Ouest,Electronique,340,212.35
1907,2025-12-19,Centre,Mobilier,15,713.9
1908,2025-12-20,Est,Electronique,357,261.5
1909,2025-12-21,Nord,Textile,371,597.94
1910,2025-12-21,Est,Mobilier,360,100.63
1911,2025-12-21,Est,Electronique,114,52.17
1912,2025-12-21,Ouest,Electronique,6,434.29
1913,2025-12-21,Centre,Electronique,302,931.12
1914,2025-12-22,Sud,Textile,265,460.96
1915,2025-12-22,Sud,Electronique,10,615.26
1916,2025-12-23,Nord,Cosmetique,11,233.23
1917,2025-12-23,Ouest,Alimentaire,257,339.58
1918,2025-12-24,Nord,Cosmetique,278,489.99
1919,2025-12-24,Sud,Textile,327,960.88
1920,2025-12-24,Ouest,Textile,539,423.32
1921,2025-12-25,Est,Electronique,88,228.22
1922,2025-12-25,Ouest,Mobilier,51,527.09
1923,2025-12-26,Sud,Cosmetique,554,501.13
1924,2025-12-26,Est,Textile,437,156.75
1925,2025-12-26,Ouest,Alimentaire,18,824.73
1926,2025-12-27,Sud,Textile,71,476.03
1927,2025-12-27,Est,Cosmetique,454,247.87
1928,2025-12-27,Ouest,Alimentaire,120,410.37
1929,2025-12-28,Nord,Alimentaire,470,333.57
1930,2025-12-28,Sud,Electronique,341,224.72
1931,2025-12-28,Est,Mobilier,73,336.75
1932,2025-12-28,Ouest,Alimentaire,494,770.36
1933,2025-12-28,Centre,Electronique,328,659.19
1934,2025-12-29,Nord,Mobilier,515,397.36
1935,2025-12-29,Ouest,Electronique,265,457.06
1936,2025-12-29,Centre,Textile,60,579.49
1937,2025-12-30,Nord,Textile,235,314.18
1938,2025-12-30,Sud,Mobilier,423,377.36
1939,2025-12-30,Sud,Electronique,442,469.5
1940,2025-12-30,Est,Cosmetique,248,157.71
1941,2025-12-30,Ouest,Electronique,141,663.81
1942,2025-12-30,Centre,Cosmetique,463,595.03
1943,2025-12-31,Sud,Alimentaire,241,332.72
1944,2025-12-31,Sud,Alimentaire,471,476.06
1945,2025-12-31,Centre,Alimentaire,160,822.24
1946,2026-01-01,Nord,Electronique,389,309.38
1947,2026-01-01,Sud,Mobilier,205,541.06
1948,2026-01-01,Ouest,Cosmetique,465,166.7
1949,2026-01-02,Est,Electronique,513,161.82
1950,2026-01-02,Ouest,Alimentaire,202,372.88
1951,2026-01-03,Est,Textile,389,139.23
1952,2026-01-03,Ouest,Alimentaire,470,426.43
1953,2026-01-04,Nord,Mobilier,545,273.87
1954,2026-01-04,Est,Alimentaire,593,153.68
1955,2026-01-04,Ouest,Mobilier,12,250.14
1956,2026-01-05,Sud,Textile,255,484.48
1957,2026-01-05,Est,Cosmetique,384,86.81
1958,2026-01-05,Ouest,Alimentaire,58,66.79
1959,2026-01-05,Ouest,Mobilier,293,100.19
1960,2026-01-06,Nord,Cosmetique,403,200.57
1961,2026-01-06,Sud,Textile,373,407.01
1962,2026-01-06,Est,Mobilier,89,169.53
1963,2026-01-06,Ouest,Textile,338,299.86
1964,2026-01-06,Centre,Textile,153,463.15
1965,2026-01-07,Est,Electronique,482,59.4
1966,2026-01-07,Ouest,Cosmetique,340,171.68
1967,2026-01-07,Ouest,Electronique,241,178.11
1968,2026-01-08,Sud,Textile,502,452.42
1969,2026-01-08,Ouest,Mobilier,266,214.41
1970,2026-01-08,Ouest,Alimentaire,135,147.62
1971,2026-01-08,Centre,Electronique,207,480.36
1972,2026-01-09,Nord,Alimentaire,281,280.19
1973,2026-01-09,Sud,Electronique,60,490.7
1974,2026-01-09,Centre,Cosmetique,509,358.93
1975,2026-01-10,Nord,Alimentaire,474,300.92
1976,2026-01-10,Sud,Electronique,36,395.57
1977,2026-01-10,Centre,Textile,438,562.43
1978,2026-01-11,Sud,Mobilier,181,353.18
1979,2026-01-11,Ouest,Textile,482,230.67
1980,2026-01-12,Est,Cosmetique,430,172.43
1981,2026-01-12,Centre,Cosmetique,401,579.09
1982,2026-01-13,Nord,Electronique,13,353.33
1983,2026-01-13,Sud,Textile,43,108.84
1984,2026-01-13,Sud,Alimentaire,590,102.42
1985,2026-01-13,Sud,Electronique,263,142.28
1986,2026-01-13,Est,Electronique,251,171.89
1987,2026-01-14,Nord,Textile,362,216.8
1988,2026-01-14,Sud,Mobilier,62,539.96
1989,2026-01-14,Est,Cosmetique,302,67.38
1990,2026-01-14,Centre,Alimentaire,97,491.61
1991,2026-01-15,Nord,Cosmetique,538,240.61
1992,2026-01-15,Sud,Electronique,76,496.5
1993,2026-01-15,Ouest,Mobilier,260,331.58
1994,2026-01-16,Nord,Electronique,10,233.57
1995,2026-01-16,Sud,Mobilier,238,466.38
1996,2026-01-16,Ouest,Textile,85,21.8
1997,2026-01-16,Ouest,Cosmetique,253,168.6
1998,2026-01-16,Centre,Electronique,163,301.91
1999,2026-01-17,Nord,Mobilier,232,189.98
2000,2026-01-17,Sud,Mobilier,336,464.05
2001,2026-01-17,Est,Electronique,265,131.04
2002,2026-01-17,Ouest,Cosmetique,511,303.87
2003,2026-01-17,Centre,Textile,429,487.62
2004,2026-01-18,Sud,Textile,257,495.55
2005,2026-01-18,Est,Alimentaire,9,159.83
2006,2026-01-18,Ouest,Alimentaire,207,338.17
2007,2026-01-19,Est,Alimentaire,303,126.5
2008,2026-01-19,Ouest,Cosmetique,162,273.48
2009,2026-01-19,Centre,Alimentaire,376,509.64
2010,2026-01-20,Sud,Alimentaire,238,320.8
2011,2026-01-20,Est,Cosmetique,484,148.7
2012,2026-01-21,Ouest,Alimentaire,164,162.05
2013,2026-01-21,Centre,Textile,155,390.27
2014,2026-01-22,Nord,Electronique,592,207.22
2015,2026-01-22,Sud,Textile,50,252.41
2016,2026-01-22,Est,Textile,230,100.97
2017,2026-01-22,Ouest,Mobilier,523,212.83
2018,2026-01-23,Ouest,Electronique,285,242.54
2019,2026-01-24,Sud,Textile,63,409.92
2020,2026-01-24,Est,Electronique,229,180.14
2021,2026-01-24,Ouest,Textile,83,279.76
2022,2026-01-24,Centre,Cosmetique,572,368.69
2023,2026-01-24,Centre,Cosmetique,22,385.92
2024,2026-01-25,Nord,Alimentaire,472,265.07
2025,2026-01-25,Sud,Cosmetique,190,442.9
2026,2026-01-26,Nord,Electronique,180,244.94
2027,2026-01-26,Sud,Mobilier,331,409.55
2028,2026-01-26,Est,Alimentaire,590,72.35
2029,2026-01-27,Sud,Textile,516,195.75
2030,2026-01-27,Sud,Cosmetique,539,346.18
2031,2026-01-27,Est,Alimentaire,124,28.58
2032,2026-01-27,Centre,Cosmetique,320,220.82
2033,2026-01-28,Est,Alimentaire,408,137.0
2034,2026-01-28,Ouest,Electronique,146,194.91
2035,2026-01-29,Nord,Electronique,315,81.42
2036,2026-01-29,Sud,Textile,262,379.69
2037,2026-01-29,Est,Alimentaire,438,145.97
2038,2026-01-29,Centre,Mobilier,253,436.2
2039,2026-01-30,Nord,Electronique,495,305.14
2040,2026-01-30,Sud,Textile,384,257.69
2041,2026-01-30,Ouest,Alimentaire,293,282.56
2042,2026-01-30,Centre,Textile,66,383.92
2043,2026-01-31,Nord,Electronique,486,198.51
2044,2026-01-31,Sud,Textile,13,589.63
2045,2026-02-01,Ouest,Alimentaire,136,338.5
2046,2026-02-01,Centre,Cosmetique,329,209.92
2047,2026-02-01,Centre,Mobilier,16,229.05
2048,2026-02-02,Est,Electronique,399,123.13
2049,2026-02-02,Ouest,Alimentaire,551,281.8
2050,2026-02-02,Centre,Alimentaire,29,210.05
2051,2026-02-02,Centre,Textile,364,211.65
2052,2026-02-03,Sud,Electronique,291,419.12
2053,2026-02-03,Ouest,Cosmetique,50,212.29
2054,2026-02-04,Sud,Cosmetique,364,328.61
2055,2026-02-04,Ouest,Mobilier,576,238.07
2056,2026-02-04,Ouest,Mobilier,48,319.51
2057,2026-02-04,Centre,Textile,256,579.54
2058,2026-02-05,Sud,Electronique,397,592.06
2059,2026-02-05,Ouest,Cosmetique,30,296.0
2060,2026-02-06,Sud,Electronique,160,199.19
2061,2026-02-06,Sud,Textile,199,289.5
2062,2026-02-06,Ouest,Electronique,160,243.71
2063,2026-02-07,Nord,Electronique,582,242.38
2064,2026-02-08,Nord,Electronique,430,109.34
2065,2026-02-08,Nord,Textile,507,176.06
2066,2026-02-08,Est,Textile,261,23.67
2067,2026-02-08,Ouest,Textile,7,283.32
2068,2026-02-09,Nord,Cosmetique,109,425.34
2069,2026-02-09,Est,Alimentaire,327,12.14
2070,2026-02-09,Ouest,Electronique,504,347.72
2071,2026-02-10,Nord,Mobilier,429,201.79
2072,2026-02-10,Est,Mobilier,84,164.07
2073,2026-02-10,Ouest,Alimentaire,504,375.28
2074,2026-02-11,Est,Electronique,381,177.63
2075,2026-02-11,Centre,Electronique,26,611.04
2076,2026-02-12,Nord,Electronique,525,161.48
2077,2026-02-12,Sud,Textile,165,531.82
2078,2026-02-12,Ouest,Cosmetique,459,262.42
2079,2026-02-13,Centre,Textile,139,134.9
2080,2026-02-13,Centre,Electronique,505,168.52
2081,2026-02-14,Nord,Alimentaire,179,415.82
2082,2026-02-14,Ouest,Electronique,129,218.8
2083,2026-02-14,Centre,Electronique,479,701.48
2084,2026-02-15,Est,Cosmetique,130,175.1
2085,2026-02-16,Ouest,Electronique,552,227.86
2086,2026-02-16,Ouest,Textile,224,133.6
2087,2026-02-16,Centre,Mobilier,145,656.56
2088,2026-02-17,Nord,Cosmetique,285,386.8
2089,2026-02-17,Sud,Cosmetique,98,509.53
2090,2026-02-17,Est,Cosmetique,181,136.93
2091,2026-02-17,Ouest,Electronique,133,323.93
2092,2026-02-17,Centre,Cosmetique,532,232.59
2093,2026-02-17,Centre,Cosmetique,456,270.1
2094,2026-02-17,Centre,Textile,339,267.96
2095,2026-02-18,Sud,Alimentaire,73,501.56
2096,2026-02-18,Ouest,Textile,347,508.57
2097,2026-02-18,Centre,Textile,37,251.56
2098,2026-02-18,Centre,Alimentaire,46,163.61
2099,2026-02-18,Centre,Alimentaire,565,159.24
2100,2026-02-18,Centre,Cosmetique,581,167.38
2101,2026-02-19,Sud,Textile,393,409.82
2102,2026-02-19,Est,Electronique,525,154.24
2103,2026-02-19,Ouest,Mobilier,212,459.18
2104,2026-02-19,Centre,Mobilier,225,474.41
2105,2026-02-20,Sud,Mobilier,142,232.52
2106,2026-02-20,Sud,Textile,463,118.04
2107,2026-02-20,Sud,Alimentaire,468,191.22
2108,2026-02-20,Est,Cosmetique,402,179.06
2109,2026-02-21,Nord,Cosmetique,199,192.82
2110,2026-02-21,Est,Mobilier,10,116.95
2111,2026-02-21,Ouest,Cosmetique,98,95.58
2112,2026-02-22,Nord,Electronique,41,304.43
2113,2026-02-22,Ouest,Electronique,109,193.15
2114,2026-02-22,Ouest,Alimentaire,559,229.57
2115,2026-02-23,Nord,Cosmetique,361,242.17
2116,2026-02-23,Sud,Textile,187,580.8
2117,2026-02-23,Centre,Cosmetique,144,398.59
2118,2026-02-24,Nord,Textile,556,354.7
2119,2026-02-24,Sud,Mobilier,366,553.52
2120,2026-02-24,Centre,Textile,370,216.21
2121,2026-02-24,Centre,Mobilier,176,145.31
2122,2026-02-24,Centre,Electronique,228,217.41
2123,2026-02-25,Nord,Cosmetique,350,198.44
2124,2026-02-25,Sud,Alimentaire,87,88.11
2125,2026-02-25,Centre,Cosmetique,415,309.99
2126,2026-02-25,Centre,Mobilier,46,309.32
2127,2026-02-26,Nord,Cosmetique,573,326.98
2128,2026-02-26,Sud,Alimentaire,589,554.87
2129,2026-02-28,Nord,Mobilier,11,279.82
2130,2026-02-28,Est,Mobilier,110,105.91
2131,2026-02-28,Ouest,Alimentaire,134,332.17
2132,2026-02-28,Centre,Cosmetique,19,305.91
2133,2026-02-28,Centre,Alimentaire,119,245.22
2134,2026-03-01,Nord,Textile,223,283.85
2135,2026-03-01,Sud,Electronique,519,737.73
2136,2026-03-01,Est,Alimentaire,481,123.87
2137,2026-03-01,Ouest,Mobilier,97,187.82
2138,2026-03-01,Ouest,Textile,497,160.55
2139,2026-03-02,Nord,Electronique,190,294.1
2140,2026-03-02,Centre,Alimentaire,375,649.25
2141,2026-03-03,Sud,Electronique,505,621.76
2142,2026-03-03,Ouest,Cosmetique,129,244.03
2143,2026-03-04,Sud,Mobilier,41,666.24
2144,2026-03-04,Ouest,Alimentaire,529,267.12
2145,2026-03-05,Nord,Mobilier,77,32.72
2146,2026-03-05,Nord,Textile,539,118.6
2147,2026-03-05,Nord,Textile,447,53.72
2148,2026-03-05,Sud,Electronique,95,547.67
2149,2026-03-05,Est,Textile,292,233.05
2150,2026-03-06,Est,Textile,398,125.06
2151,2026-03-06,Est,Alimentaire,30,125.56
2152,2026-03-06,Est,Mobilier,231,60.26
2153,2026-03-06,Centre,Electronique,349,261.71
2154,2026-03-06,Centre,Textile,508,282.96
2155,2026-03-06,Centre,Mobilier,115,308.12
2156,2026-03-06,Centre,Cosmetique,452,333.89
2157,2026-03-08,Nord,Alimentaire,281,522.69
2158,2026-03-08,Sud,Textile,266,477.54
2159,2026-03-09,Ouest,Textile,452,557.34
2160,2026-03-09,Centre,Textile,444,498.59
2161,2026-03-10,Nord,Mobilier,223,144.01
2162,2026-03-10,Nord,Alimentaire,488,163.32
2163,2026-03-10,Sud,Alimentaire,16,262.89
2164,2026-03-10,Sud,Mobilier,466,224.49
2165,2026-03-10,Est,Electronique,558,103.82
2166,2026-03-10,Centre,Alimentaire,182,494.11
2167,2026-03-11,Nord,Mobilier,334,195.55
2168,2026-03-11,Est,Mobilier,466,245.09
2169,2026-03-11,Ouest,Textile,463,406.42
2170,2026-03-11,Centre,Mobilier,90,166.73
2171,2026-03-11,Centre,Textile,263,221.21
2172,2026-03-11,Centre,Cosmetique,243,176.0
2173,2026-03-12,Sud,Mobilier,225,560.48
2174,2026-03-12,Ouest,Alimentaire,241,235.9
2175,2026-03-12,Ouest,Textile,530,243.12
2176,2026-03-13,Est,Cosmetique,292,218.41
2177,2026-03-13,Centre,Electronique,447,501.98
2178,2026-03-14,Nord,Electronique,562,213.42
2179,2026-03-14,Est,Electronique,335,237.2
2180,2026-03-14,Ouest,Textile,87,365.49
2181,2026-03-14,Centre,Mobilier,136,433.85
2182,2026-03-15,Sud,Textile,421,427.57
2183,2026-03-16,Nord,Electronique,242,224.87
2184,2026-03-16,Sud,Mobilier,241,266.34
2185,2026-03-16,Sud,Cosmetique,106,241.7
2186,2026-03-16,Sud,Electronique,123,248.67
2187,2026-03-16,Ouest,Alimentaire,432,559.99
2188,2026-03-17,Nord,Mobilier,18,518.96
2189,2026-03-17,Est,Textile,132,115.65
2190,2026-03-18,Nord,Textile,473,248.58
2191,2026-03-18,Sud,Alimentaire,516,345.49
2192,2026-03-18,Sud,Textile,165,346.73
2193,2026-03-18,Est,Alimentaire,416,199.26
2194,2026-03-19,Est,Electronique,594,315.41
2195,2026-03-19,Ouest,Electronique,412,500.74
2196,2026-03-20,Nord,Textile,4,364.91
2197,2026-03-20,Sud,Mobilier,347,327.52
2198,2026-03-20,Sud,Textile,519,373.61
2199,2026-03-20,Sud,Electronique,237,373.98
2200,2026-03-20,Est,Mobilier,126,252.73
2201,2026-03-20,Ouest,Alimentaire,498,125.51
2202,2026-03-20,Ouest,Electronique,141,107.93
2203,2026-03-20,Ouest,Alimentaire,420,173.78
2204,2026-03-20,Centre,Cosmetique,316,215.36
2205,2026-03-20,Centre,Mobilier,366,326.67
2206,2026-03-21,Nord,Electronique,91,435.98
2207,2026-03-21,Sud,Alimentaire,31,393.03
2208,2026-03-21,Est,Alimentaire,191,229.56
2209,2026-03-22,Nord,Alimentaire,485,317.7
2210,2026-03-22,Est,Textile,557,331.18
2211,2026-03-23,Ouest,Textile,437,279.08
2212,2026-03-23,Centre,Cosmetique,427,530.69
2213,2026-03-24,Sud,Cosmetique,296,510.48
2214,2026-03-24,Ouest,Alimentaire,280,143.68
2215,2026-03-24,Ouest,Textile,305,169.95
2216,2026-03-25,Nord,Mobilier,176,491.36
2217,2026-03-25,Sud,Mobilier,107,515.6
2218,2026-03-25,Est,Alimentaire,534,194.26
2219,2026-03-25,Ouest,Textile,293,229.64
2220,2026-03-25,Ouest,Mobilier,291,107.38
2221,2026-03-25,Ouest,Textile,111,202.7
2222,2026-03-26,Est,Cosmetique,35,206.16
2223,2026-03-26,Ouest,Alimentaire,27,88.91
2224,2026-03-26,Ouest,Alimentaire,568,212.43
2225,2026-03-26,Centre,Textile,586,447.23
2226,2026-03-27,Nord,Textile,34,389.02
2227,2026-03-27,Sud,Electronique,442,364.5
2228,2026-03-27,Centre,Mobilier,344,397.52
2229,2026-03-27,Centre,Cosmetique,570,423.54
2230,2026-03-28,Nord,Mobilier,585,318.5
2231,2026-03-28,Sud,Electronique,417,213.49
2232,2026-03-28,Sud,Textile,20,214.6
2233,2026-03-28,Sud,Mobilier,593,287.42
2234,2026-03-28,Est,Alimentaire,504,158.08
2235,2026-03-29,Nord,Mobilier,395,124.06
2236,2026-03-29,Sud,Textile,207,377.49
2237,2026-03-29,Est,Mobilier,47,270.07
2238,2026-03-29,Ouest,Electronique,462,237.0
2239,2026-03-29,Ouest,Cosmetique,418,244.43
2240,2026-03-29,Centre,Textile,171,779.23
2241,2026-03-30,Nord,Alimentaire,133,90.4
2242,2026-03-30,Nord,Electronique,106,131.87
2243,2026-03-30,Nord,Textile,244,103.35
2244,2026-03-30,Sud,Alimentaire,329,611.04
2245,2026-03-30,Est,Alimentaire,583,136.52
2246,2026-03-30,Ouest,Textile,465,401.51
2247,2026-03-31,Nord,Electronique,248,346.31
2248,2026-03-31,Sud,Alimentaire,324,962.8
2249,2026-03-31,Ouest,Cosmetique,293,343.56
2250,2026-03-31,Centre,Electronique,219,747.95
2251,2026-04-01,Sud,Alimentaire,187,607.64
2252,2026-04-01,Est,Textile,242,315.71
2253,2026-04-01,Ouest,Textile,196,400.02
2254,2026-04-02,Nord,Electronique,209,394.2
2255,2026-04-02,Sud,Alimentaire,362,760.05
2256,2026-04-02,Centre,Alimentaire,58,362.23
2257,2026-04-02,Centre,Electronique,13,383.84
2258,2026-04-03,Nord,Electronique,584,197.85
2259,2026-04-03,Sud,Electronique,203,311.61
2260,2026-04-03,Est,Cosmetique,53,266.62
2261,2026-04-04,Nord,Cosmetique,169,406.12
2262,2026-04-04,Sud,Cosmetique,389,322.69
2263,2026-04-04,Sud,Textile,592,308.24
2264,2026-04-04,Ouest,Cosmetique,175,375.08
2265,2026-04-05,Nord,Cosmetique,122,264.63
2266,2026-04-05,Sud,Cosmetique,53,869.92
2267,2026-04-05,Ouest,Alimentaire,164,402.34
2268,2026-04-06,Est,Mobilier,412,203.7
2269,2026-04-06,Ouest,Cosmetique,487,382.79
2270,2026-04-07,Sud,Electronique,485,561.83
2271,2026-04-07,Sud,Cosmetique,197,507.11
2272,2026-04-07,Est,Mobilier,8,10.0
2273,2026-04-07,Est,Textile,101,78.17
2274,2026-04-08,Nord,Textile,250,285.49
2275,2026-04-08,Sud,Cosmetique,450,230.24
2276,2026-04-08,Est,Electronique,260,196.91
2277,2026-04-08,Est,Electronique,355,105.43
2278,2026-04-08,Ouest,Alimentaire,331,559.81
2279,2026-04-09,Nord,Electronique,381,529.01
2280,2026-04-09,Sud,Alimentaire,295,860.56
2281,2026-04-09,Centre,Alimentaire,136,554.32
2282,2026-04-10,Nord,Electronique,523,352.82
2283,2026-04-10,Est,Electronique,547,199.55
2284,2026-04-11,Sud,Alimentaire,98,808.19
2285,2026-04-11,Ouest,Textile,174,120.5
2286,2026-04-11,Ouest,Cosmetique,594,127.01
2287,2026-04-11,Ouest,Textile,256,187.43
2288,2026-04-11,Centre,Electronique,272,683.45
2289,2026-04-12,Est,Mobilier,376,173.28
2290,2026-04-13,Nord,Electronique,459,409.21
2291,2026-04-13,Sud,Alimentaire,184,413.87
2292,2026-04-13,Sud,Mobilier,262,307.43
2293,2026-04-13,Sud,Mobilier,310,353.47
2294,2026-04-13,Ouest,Cosmetique,312,186.45
2295,2026-04-13,Ouest,Electronique,28,87.64
2296,2026-04-13,Ouest,Cosmetique,133,240.78
2297,2026-04-14,Nord,Textile,227,386.27
2298,2026-04-14,Sud,Mobilier,122,416.37
2299,2026-04-14,Est,Cosmetique,525,196.43
2300,2026-04-14,Centre,Textile,395,305.06
2301,2026-04-15,Sud,Electronique,279,365.29
2302,2026-04-15,Ouest,Electronique,26,515.43
2303,2026-04-16,Nord,Alimentaire,470,219.9
2304,2026-04-16,Sud,Textile,198,452.65
2305,2026-04-16,Centre,Textile,594,370.77
2306,2026-04-16,Centre,Cosmetique,40,364.61
2307,2026-04-17,Nord,Mobilier,524,337.35
2308,2026-04-17,Sud,Mobilier,56,492.37
2309,2026-04-17,Est,Alimentaire,78,196.08
2310,2026-04-18,Est,Alimentaire,125,10.0
2311,2026-04-18,Est,Alimentaire,519,10.0
2312,2026-04-18,Ouest,Textile,596,500.57
2313,2026-04-19,Sud,Electronique,291,350.28
2314,2026-04-19,Ouest,Electronique,13,124.07
2315,2026-04-19,Centre,Cosmetique,101,91.71
2316,2026-04-19,Centre,Mobilier,261,110.37
2317,2026-04-20,Sud,Mobilier,194,667.31
2318,2026-04-20,Centre,Cosmetique,66,425.32
2319,2026-04-21,Nord,Textile,587,487.94
2320,2026-04-21,Sud,Electronique,243,563.31
2321,2026-04-21,Centre,Alimentaire,466,553.56
2322,2026-04-22,Ouest,Electronique,62,458.92
2323,2026-04-22,Centre,Cosmetique,229,331.01
2324,2026-04-22,Centre,Electronique,100,379.54
2325,2026-04-23,Nord,Alimentaire,575,567.83
2326,2026-04-23,Est,Mobilier,540,256.22
2327,2026-04-23,Ouest,Cosmetique,452,330.47
2328,2026-04-23,Ouest,Textile,137,308.86
2329,2026-04-24,Est,Electronique,263,193.56
2330,2026-04-25,Centre,Electronique,91,400.97
2331,2026-04-26,Nord,Textile,333,532.61
2332,2026-04-26,Centre,Textile,272,98.78
2333,2026-04-26,Centre,Alimentaire,66,202.24
2334,2026-04-27,Est,Electronique,438,351.06
2335,2026-04-28,Est,Cosmetique,420,374.11
2336,2026-04-28,Centre,Electronique,62,833.49
2337,2026-04-29,Nord,Alimentaire,199,347.17
2338,2026-04-29,Centre,Cosmetique,563,532.11
2339,2026-04-30,Est,Cosmetique,282,243.58
2340,2026-04-30,Centre,Cosmetique,466,227.92
2341,2026-04-30,Centre,Alimentaire,502,155.26
2342,2026-05-01,Sud,Electronique,196,517.42
2343,2026-05-01,Sud,Mobilier,377,437.09
2344,2026-05-01,Sud,Cosmetique,405,450.55
2345,2026-05-01,Est,Textile,225,269.61
2346,2026-05-01,Centre,Alimentaire,278,918.12
2347,2026-05-02,Sud,Cosmetique,242,833.57
2348,2026-05-02,Centre,Alimentaire,388,1000.87
2349,2026-05-03,Nord,Textile,128,456.5
2350,2026-05-03,Centre,Cosmetique,337,327.01
2351,2026-05-03,Centre,Electronique,366,319.5
2352,2026-05-03,Centre,Alimentaire,258,371.53
2353,2026-05-04,Nord,Cosmetique,136,132.38
2354,2026-05-04,Nord,Cosmetique,445,228.08
2355,2026-05-04,Nord,Alimentaire,384,135.67
2356,2026-05-04,Sud,Textile,477,67.93
2357,2026-05-04,Sud,Alimentaire,87,93.5
2358,2026-05-04,Sud,Mobilier,233,116.38
2359,2026-05-04,Sud,Electronique,392,110.75
2360,2026-05-04,Ouest,Textile,381,399.14
2361,2026-05-05,Sud,Electronique,65,799.56
2362,2026-05-05,Est,Electronique,306,240.35
2363,2026-05-05,Centre,Alimentaire,410,95.19
2364,2026-05-05,Centre,Mobilier,564,101.55
2365,2026-05-05,Centre,Cosmetique,368,86.86
2366,2026-05-05,Centre,Mobilier,528,216.58
2367,2026-05-05,Centre,Textile,402,85.29
2368,2026-05-06,Sud,Mobilier,267,302.88
2369,2026-05-06,Sud,Electronique,544,346.55
2370,2026-05-06,Est,Cosmetique,94,240.62
2371,2026-05-06,Ouest,Mobilier,117,525.79
2372,2026-05-07,Nord,Cosmetique,477,233.22
2373,2026-05-07,Sud,Mobilier,175,313.58
2374,2026-05-07,Sud,Cosmetique,442,342.84
2375,2026-05-07,Sud,Mobilier,13,320.1
2376,2026-05-07,Sud,Textile,530,343.47
2377,2026-05-07,Est,Cosmetique,538,280.46
2378,2026-05-08,Nord,Alimentaire,271,338.85
2379,2026-05-08,Nord,Electronique,169,371.82
2380,2026-05-09,Nord,Cosmetique,60,372.93
2381,2026-05-09,Ouest,Electronique,197,20.36
2382,2026-05-09,Ouest,Mobilier,385,223.61
2383,2026-05-09,Ouest,Mobilier,462,121.08
2384,2026-05-09,Ouest,Mobilier,496,63.2
2385,2026-05-09,Centre,Mobilier,547,518.89
2386,2026-05-09,Centre,Mobilier,189,422.42
2387,2026-05-10,Nord,Textile,575,144.67
2388,2026-05-10,Nord,Electronique,429,108.64
2389,2026-05-10,Nord,Cosmetique,572,199.81
2390,2026-05-10,Est,Textile,214,118.54
2391,2026-05-10,Ouest,Textile,427,356.34
2392,2026-05-10,Centre,Textile,32,258.47
2393,2026-05-11,Nord,Textile,455,312.25
2394,2026-05-11,Centre,Textile,123,935.58
2395,2026-05-12,Sud,Electronique,128,614.36
2396,2026-05-12,Est,Cosmetique,523,208.3
2397,2026-05-12,Ouest,Electronique,314,317.74
2398,2026-05-12,Ouest,Cosmetique,276,357.63
2399,2026-05-13,Sud,Textile,501,1091.04
2400,2026-05-13,Ouest,Textile,11,458.36
2401,2026-05-14,Nord,Mobilier,266,461.55
2402,2026-05-14,Sud,Alimentaire,540,530.27
2403,2026-05-14,Sud,Alimentaire,228,452.18
2404,2026-05-14,Centre,Electronique,6,475.59
2405,2026-05-14,Centre,Electronique,139,430.28
2406,2026-05-15,Nord,Cosmetique,407,363.11
2407,2026-05-15,Centre,Mobilier,547,753.66
2408,2026-05-16,Nord,Cosmetique,576,481.62
2409,2026-05-16,Sud,Mobilier,536,181.93
2410,2026-05-16,Sud,Alimentaire,507,204.42
2411,2026-05-16,Sud,Alimentaire,408,173.69
2412,2026-05-16,Sud,Mobilier,448,181.31
2413,2026-05-16,Est,Cosmetique,487,283.05
2414,2026-05-17,Nord,Electronique,527,118.15
2415,2026-05-17,Sud,Mobilier,262,1026.9
2416,2026-05-17,Ouest,Mobilier,379,642.41
2417,2026-05-17,Centre,Mobilier,183,1035.12
2418,2026-05-18,Est,Cosmetique,30,256.03
2419,2026-05-18,Centre,Electronique,1,322.92
2420,2026-05-18,Centre,Cosmetique,110,329.87
2421,2026-05-19,Nord,Textile,262,432.16
2422,2026-05-19,Sud,Textile,484,857.05
2423,2026-05-19,Ouest,Mobilier,404,468.48
2424,2026-05-20,Nord,Mobilier,227,417.42
2425,2026-05-20,Sud,Mobilier,186,609.26
2426,2026-05-20,Centre,Electronique,300,288.98
2427,2026-05-21,Nord,Electronique,167,424.69
2428,2026-05-21,Sud,Mobilier,212,863.1
2429,2026-05-21,Ouest,Electronique,19,549.96
2430,2026-05-21,Centre,Alimentaire,528,407.87
2431,2026-05-21,Centre,Mobilier,470,276.97
2432,2026-05-21,Centre,Alimentaire,377,374.15
2433,2026-05-22,Nord,Cosmetique,302,580.81
2434,2026-05-22,Sud,Alimentaire,398,302.55
2435,2026-05-22,Est,Cosmetique,371,359.38
2436,2026-05-22,Ouest,Cosmetique,456,601.91
2437,2026-05-23,Nord,Mobilier,548,453.86
2438,2026-05-23,Sud,Mobilier,513,453.69
2439,2026-05-23,Sud,Cosmetique,98,413.37
2440,2026-05-24,Est,Electronique,578,117.74
2441,2026-05-24,Ouest,Textile,346,766.16
2442,2026-05-24,Centre,Alimentaire,260,704.23
2443,2026-05-25,Nord,Cosmetique,330,530.07
2444,2026-05-25,Sud,Textile,272,822.69
2445,2026-05-25,Ouest,Mobilier,80,678.52
2446,2026-05-26,Sud,Mobilier,337,998.92
2447,2026-05-26,Ouest,Cosmetique,339,311.78
2448,2026-05-27,Nord,Electronique,549,558.58
2449,2026-05-27,Sud,Cosmetique,256,100.44
2450,2026-05-27,Sud,Alimentaire,441,118.35
2451,2026-05-27,Sud,Textile,256,129.89
2452,2026-05-27,Ouest,Electronique,55,659.21
2453,2026-05-28,Sud,Cosmetique,21,854.64
2454,2026-05-28,Ouest,Alimentaire,1,707.91
2455,2026-05-28,Centre,Alimentaire,520,1205.78
2456,2026-05-29,Sud,Electronique,500,907.96
2457,2026-05-29,Est,Alimentaire,30,195.25
2458,2026-05-29,Ouest,Alimentaire,364,517.84
2459,2026-05-30,Sud,Alimentaire,323,416.61
2460,2026-05-31,Est,Alimentaire,434,307.29
2461,2026-05-31,Ouest,Cosmetique,537,784.87
2462,2026-05-31,Centre,Electronique,368,339.07
2463,2026-05-31,Centre,Textile,311,275.04
2464,2026-05-31,Centre,Textile,4,153.6
2465,2026-06-01,Sud,Alimentaire,216,1020.31
2466,2026-06-01,Est,Cosmetique,82,236.18
2467,2026-06-02,Sud,Alimentaire,543,424.23
2468,2026-06-02,Est,Alimentaire,237,303.48
2469,2026-06-02,Ouest,Cosmetique,188,368.27
2470,2026-06-02,Ouest,Mobilier,140,345.63
2471,2026-06-03,Sud,Electronique,88,405.59
2472,2026-06-03,Est,Textile,54,212.08
2473,2026-06-03,Ouest,Cosmetique,370,174.47
2474,2026-06-03,Ouest,Textile,105,182.76
2475,2026-06-03,Ouest,Cosmetique,156,214.68
2476,2026-06-03,Ouest,Cosmetique,327,141.25
2477,2026-06-04,Nord,Mobilier,462,319.39
2478,2026-06-04,Est,Alimentaire,27,228.66
2479,2026-06-04,Ouest,Electronique,364,335.03
2480,2026-06-05,Est,Mobilier,430,110.48
2481,2026-06-05,Est,Textile,4,195.02
2482,2026-06-05,Ouest,Electronique,167,521.74
2483,2026-06-06,Ouest,Alimentaire,126,182.02
2484,2026-06-06,Centre,Mobilier,339,581.64
2485,2026-06-06,Centre,Cosmetique,234,497.71
2486,2026-06-07,Est,Textile,554,263.49
2487,2026-06-07,Ouest,Mobilier,368,581.22
2488,2026-06-07,Centre,Mobilier,165,725.12
2489,2026-06-09,Nord,Electronique,435,324.45
2490,2026-06-09,Sud,Textile,436,444.43
2491,2026-06-09,Est,Textile,175,262.11
2492,2026-06-09,Ouest,Textile,509,680.85
2493,2026-06-09,Centre,Electronique,509,224.67
2494,2026-06-09,Centre,Textile,508,251.34
2495,2026-06-09,Centre,Electronique,317,265.33
2496,2026-06-10,Nord,Cosmetique,463,641.57
2497,2026-06-10,Sud,Electronique,159,310.49
2498,2026-06-10,Sud,Alimentaire,343,261.08
2499,2026-06-10,Sud,Textile,141,156.52
2500,2026-06-10,Sud,Alimentaire,240,136.54
2501,2026-06-10,Ouest,Alimentaire,526,533.35
2502,2026-06-10,Centre,Cosmetique,496,642.92
2503,2026-06-11,Sud,Mobilier,480,365.92
2504,2026-06-11,Sud,Cosmetique,179,412.45
2505,2026-06-11,Ouest,Electronique,502,219.18
2506,2026-06-11,Centre,Electronique,425,172.43
2507,2026-06-11,Centre,Textile,415,164.37
2508,2026-06-11,Centre,Alimentaire,388,114.87
2509,2026-06-11,Centre,Cosmetique,449,228.65
2510,2026-06-12,Nord,Mobilier,327,379.99
2511,2026-06-12,Est,Cosmetique,352,331.75
2512,2026-06-12,Centre,Textile,549,895.6
2513,2026-06-13,Sud,Cosmetique,372,336.83
2514,2026-06-13,Sud,Mobilier,260,312.33
2515,2026-06-13,Sud,Mobilier,585,304.18
2516,2026-06-13,Est,Alimentaire,94,249.93
2517,2026-06-13,Centre,Alimentaire,528,644.21
2518,2026-06-14,Nord,Textile,455,66.6
2519,2026-06-14,Nord,Alimentaire,43,144.01
2520,2026-06-14,Nord,Electronique,229,238.81
2521,2026-06-14,Nord,Alimentaire,264,113.58
2522,2026-06-14,Sud,Electronique,494,985.94
2523,2026-06-14,Est,Cosmetique,143,257.98
2524,2026-06-14,Ouest,Electronique,592,214.38
2525,2026-06-14,Ouest,Textile,151,213.79
2526,2026-06-14,Ouest,Mobilier,566,207.38
2527,2026-06-15,Sud,Textile,258,120.8
2528,2026-06-15,Sud,Textile,513,152.58
2529,2026-06-15,Sud,Textile,470,115.13
2530,2026-06-15,Sud,Textile,103,163.9
2531,2026-06-15,Ouest,Alimentaire,298,637.34
2532,2026-06-15,Centre,Cosmetique,339,751.13
2533,2026-06-16,Sud,Mobilier,179,1147.81
2534,2026-06-16,Est,Electronique,183,287.12
2535,2026-06-16,Centre,Electronique,270,260.33
2536,2026-06-16,Centre,Cosmetique,92,352.41
2537,2026-06-16,Centre,Textile,485,258.77
2538,2026-06-17,Nord,Textile,551,389.23
2539,2026-06-17,Est,Mobilier,320,391.84
2540,2026-06-17,Centre,Electronique,572,267.5
2541,2026-06-17,Centre,Textile,550,148.18
2542,2026-06-18,Centre,Alimentaire,405,1116.32
2543,2026-06-19,Sud,Mobilier,416,790.33
2544,2026-06-20,Ouest,Alimentaire,551,535.06
2545,2026-06-20,Centre,Alimentaire,122,420.36
2546,2026-06-20,Centre,Cosmetique,253,272.62
2547,2026-06-20,Centre,Cosmetique,153,239.39
2548,2026-06-20,Centre,Alimentaire,308,355.82
2549,2026-06-21,Nord,Cosmetique,96,664.4
2550,2026-06-21,Sud,Alimentaire,329,303.99
2551,2026-06-21,Sud,Textile,157,243.37
2552,2026-06-21,Centre,Cosmetique,252,1250.97
2553,2026-06-22,Nord,Alimentaire,514,572.73
2554,2026-06-22,Ouest,Mobilier,453,753.0
2555,2026-06-23,Nord,Mobilier,436,393.12
2556,2026-06-23,Sud,Cosmetique,327,663.31
2557,2026-06-23,Est,Mobilier,397,39.14
2558,2026-06-23,Est,Electronique,383,138.86
2559,2026-06-23,Ouest,Electronique,182,490.68
2560,2026-06-24,Sud,Mobilier,179,973.72
2561,2026-06-24,Est,Alimentaire,300,201.44
2562,2026-06-24,Ouest,Mobilier,212,389.11
2563,2026-06-24,Centre,Mobilier,311,324.77
2564,2026-06-24,Centre,Mobilier,121,286.98
2565,2026-06-24,Centre,Alimentaire,407,300.62
2566,2026-06-25,Nord,Alimentaire,489,374.49
2567,2026-06-25,Sud,Electronique,514,345.11
2568,2026-06-25,Sud,Cosmetique,382,463.56
2569,2026-06-25,Centre,Electronique,431,219.58
2570,2026-06-25,Centre,Alimentaire,256,164.46
2571,2026-06-25,Centre,Alimentaire,277,75.49
2572,2026-06-25,Centre,Alimentaire,195,199.57
2573,2026-06-26,Est,Alimentaire,230,169.64
2574,2026-06-26,Ouest,Alimentaire,1,114.51
2575,2026-06-26,Centre,Alimentaire,41,367.23
2576,2026-06-26,Centre,Textile,508,182.63
2577,2026-06-26,Centre,Textile,586,294.24
2578,2026-06-26,Centre,Mobilier,206,336.08
2579,2026-06-27,Nord,Textile,87,427.52
2580,2026-06-27,Centre,Electronique,98,462.53
2581,2026-06-28,Sud,Mobilier,490,510.99
2582,2026-06-28,Sud,Cosmetique,446,554.19
2583,2026-06-28,Ouest,Alimentaire,441,252.72
2584,2026-06-29,Nord,Textile,482,276.94
2585,2026-06-29,Sud,Electronique,580,589.25
2586,2026-06-29,Sud,Cosmetique,254,756.52
2587,2026-06-29,Est,Alimentaire,101,178.15
2588,2026-06-29,Centre,Alimentaire,506,1055.61
2589,2026-06-30,Est,Cosmetique,83,263.26
2590,2026-06-30,Ouest,Cosmetique,141,307.88
